run_dir,run_name,architecture,N,seed,dataset,readout,augment_train,class1,class2,device,num_qubits,reps,img_size,epochs_configured,epochs_completed,train_accuracy,val_accuracy,val_aug_accuracy,p4m_is_invariant
"results_def/multirun/2026-07-31/16-33-42/DATA.N=80,GENERAL.seed=1234,QNN.architecture=config6,TRAINING.epochs=40",config6_N=80_seed=1234,config6,80,1234,mnist,,,3,4,default.qubit,8,2,16,40,40,0.6874999999140625,0.6999999999125001,0.6999999999125001,True
"results_def/multirun/2026-07-31/16-33-42/DATA.N=80,GENERAL.seed=1234,QNN.architecture=config7,TRAINING.epochs=40",config7_N=80_seed=1234,config7,80,1234,mnist,,,3,4,default.qubit,8,2,16,40,40,0.8374999998953125,0.8374999998953125,0.5624999999296876,False
"results_def/multirun/2026-07-31/16-33-42/DATA.N=80,GENERAL.seed=2345,QNN.architecture=config6,TRAINING.epochs=40",config6_N=80_seed=2345,config6,80,2345,mnist,,,3,4,default.qubit,8,2,16,40,40,0.6624999999171876,0.6999999999125001,0.6999999999125001,True
"results_def/multirun/2026-07-31/16-33-42/DATA.N=80,GENERAL.seed=2345,QNN.architecture=config7,TRAINING.epochs=40",config7_N=80_seed=2345,config7,80,2345,mnist,,,3,4,default.qubit,8,2,16,40,40,0.8874999998890626,0.8499999998937501,0.49999999993750005,False
"results_def/multirun/2026-07-31/16-33-42/DATA.N=80,GENERAL.seed=3456,QNN.architecture=config6,TRAINING.epochs=40",config6_N=80_seed=3456,config6,80,3456,mnist,,,3,4,default.qubit,8,2,16,40,40,0.6999999999125001,0.7624999999046875,0.7624999999046875,True
"results_def/multirun/2026-07-31/16-33-42/DATA.N=80,GENERAL.seed=3456,QNN.architecture=config7,TRAINING.epochs=40",config7_N=80_seed=3456,config7,80,3456,mnist,,,3,4,default.qubit,8,2,16,40,40,0.8999999998875001,0.8249999998968751,0.574999999928125,False
"results_def/multirun/2026-08-24/11-03-57/DATA.N=80,DATA.augment_train=True,GENERAL.seed=1,QNN.architecture=config7,TRAINING.epochs=40",config7_N=80_seed=1,config7,80,1,mnist,,,3,4,default.qubit,8,2,16,40,40,0.6374999999203126,0.6624999999171876,0.64999999991875,False
"results_def/multirun/2026-08-24/11-03-57/DATA.N=80,DATA.augment_train=True,GENERAL.seed=2,QNN.architecture=config7,TRAINING.epochs=40",config7_N=80_seed=2,config7,80,2,mnist,,,3,4,default.qubit,8,2,16,40,40,0.5999999999250001,0.54999999993125,0.574999999928125,False
"results_def/multirun/2026-08-24/11-03-57/DATA.N=80,DATA.augment_train=True,GENERAL.seed=3,QNN.architecture=config7,TRAINING.epochs=40",config7_N=80_seed=3,config7,80,3,mnist,,,3,4,default.qubit,8,2,16,40,40,0.624999999921875,0.8874999998890626,0.6874999999140625,False
"results_def/multirun/2026-08-24/11-03-57/DATA.N=80,DATA.augment_train=True,GENERAL.seed=4,QNN.architecture=config6,TRAINING.epochs=40",config6_N=80_seed=4,config6,80,4,mnist,,,3,4,default.qubit,8,2,16,40,40,0.7124999999109376,0.624999999921875,0.624999999921875,True
"results_def/multirun/2026-08-24/11-03-57/DATA.N=80,DATA.augment_train=True,GENERAL.seed=4,QNN.architecture=config7,TRAINING.epochs=40",config7_N=80_seed=4,config7,80,4,mnist,,,3,4,default.qubit,8,2,16,40,40,0.5999999999250001,0.4874999999390625,0.5249999999343751,False
"results_def/multirun/2026-08-24/11-03-57/DATA.N=80,DATA.augment_train=True,GENERAL.seed=5,QNN.architecture=config6,TRAINING.epochs=40",config6_N=80_seed=5,config6,80,5,mnist,,,3,4,default.qubit,8,2,16,40,40,0.64999999991875,0.7374999999078126,0.7374999999078126,True
"results_def/multirun/2026-08-24/11-03-57/DATA.N=80,DATA.augment_train=True,GENERAL.seed=5,QNN.architecture=config7,TRAINING.epochs=40",config7_N=80_seed=5,config7,80,5,mnist,,,3,4,default.qubit,8,2,16,40,40,0.7499999999062501,0.5249999999343751,0.6749999999156251,False
"results_def/multirun/2026-08-24/12-03-55/DATA.N=80,DATA.augment_train=True,GENERAL.seed=1,QNN.architecture=config6,TRAINING.epochs=40",config6_N=80_seed=1,config6,80,1,mnist,,,3,4,default.qubit,8,2,16,40,40,0.5999999999250001,0.6749999999156251,0.6749999999156251,True
"results_def/multirun/2026-08-24/12-03-55/DATA.N=80,DATA.augment_train=True,GENERAL.seed=2,QNN.architecture=config6,TRAINING.epochs=40",config6_N=80_seed=2,config6,80,2,mnist,,,3,4,default.qubit,8,2,16,40,40,0.6624999999171876,0.64999999991875,0.64999999991875,True
"results_def/multirun/2026-08-24/12-03-55/DATA.N=80,DATA.augment_train=True,GENERAL.seed=3,QNN.architecture=config6,TRAINING.epochs=40",config6_N=80_seed=3,config6,80,3,mnist,,,3,4,default.qubit,8,2,16,40,40,0.6874999999140625,0.6624999999171876,0.6624999999171876,True
results_def/outputs/wandb_backfill/4aesrmwl,config6_N=80_seed=1,config6,80,1,mnist,avg_x,,3,4,default.qubit,8,2,16,40,40,0.5999999999250001,0.6749999999156251,0.6749999999156251,True
results_def/outputs/wandb_backfill/bp5n316a,config7_N=80_seed=1,config7,80,1,mnist,avg_x,,3,4,default.qubit,8,2,16,40,40,0.9499999998812501,0.9124999998859376,0.42499999994687504,False
results_def/outputs/wandb_backfill/py26yo08,config6_N=80_seed=2,config6,80,2,mnist,avg_x,,3,4,default.qubit,8,2,16,40,40,0.6624999999171876,0.64999999991875,0.64999999991875,True
results_def/outputs/wandb_backfill/abz86y6c,config7_N=80_seed=2,config7,80,2,mnist,avg_x,,3,4,default.qubit,8,2,16,40,40,0.9124999998859376,0.9374999998828126,0.7874999999015626,False
results_def/outputs/wandb_backfill/4ucvc36g,config6_N=80_seed=3,config6,80,3,mnist,avg_x,,3,4,default.qubit,8,2,16,40,40,0.6874999999140625,0.6624999999171876,0.6624999999171876,True
results_def/outputs/wandb_backfill/e0xq6pi2,config7_N=80_seed=3,config7,80,3,mnist,avg_x,,3,4,default.qubit,8,2,16,40,40,0.6124999999234375,0.6624999999171876,0.54999999993125,False
results_def/outputs/wandb_backfill/n53zin0y,config6_N=160_seed=1,config6,160,1,mnist,x0_xhalf,,3,4,default.qubit,8,2,16,40,40,0.9187499999425781,0.8624999999460937,0.8624999999460937,True
results_def/outputs/wandb_backfill/7mywl4v6,config7_N=160_seed=1,config7,160,1,mnist,x0_xhalf,,3,4,default.qubit,8,2,16,40,40,0.8374999999476562,0.718749999955078,0.7437499999535155,False
results_def/outputs/wandb_backfill/bpdmm5t4,config6_N=160_seed=2,config6,160,2,mnist,x0_xhalf,,3,4,default.qubit,8,2,16,40,40,0.9249999999421874,0.8937499999441406,0.8937499999441406,True
results_def/outputs/wandb_backfill/azdh3uaj,config7_N=160_seed=2,config7,160,2,mnist,x0_xhalf,,3,4,default.qubit,8,2,16,40,40,0.8062499999496093,0.7499999999531249,0.7874999999507812,False
results_def/outputs/wandb_backfill/svm8r96r,config6_N=160_seed=3,config6,160,3,mnist,x0_xhalf,,3,4,default.qubit,8,2,16,40,40,0.8999999999437499,0.8874999999445312,0.8874999999445312,True
results_def/outputs/wandb_backfill/74pcqefl,config7_N=160_seed=3,config7,160,3,mnist,x0_xhalf,,3,4,default.qubit,8,2,16,40,40,0.8062499999496093,0.8312499999480468,0.8499999999468749,False
results_def/outputs/wandb_backfill/cbg5yp37,config6_N=320_seed=1,config6,320,1,mnist,x0_xhalf,,3,4,default.qubit,8,2,16,40,40,0.899999999971875,0.8968749999719726,0.8968749999719726,True
results_def/outputs/wandb_backfill/5v9nomp8,config7_N=320_seed=1,config7,320,1,mnist,x0_xhalf,,3,4,default.qubit,8,2,16,40,40,0.6687499999791016,0.5343749999833007,0.6281249999803711,False
results_def/outputs/wandb_backfill/5lv9fevb,config6_N=320_seed=2,config6,320,2,mnist,x0_xhalf,,3,4,default.qubit,8,2,16,40,40,0.9062499999716797,0.8937499999720703,0.8937499999720703,True
results_def/outputs/wandb_backfill/hvb56klh,config7_N=320_seed=2,config7,320,2,mnist,x0_xhalf,,3,4,default.qubit,8,2,16,40,40,0.7531249999764649,0.8031249999749023,0.7281249999772461,False
results_def/outputs/wandb_backfill/fi52s8lp,config6_N=320_seed=3,config6,320,3,mnist,x0_xhalf,,3,4,default.qubit,8,2,16,40,40,0.9031249999717773,0.8906249999721679,0.8906249999721679,True
results_def/outputs/wandb_backfill/nkaecem0,config7_N=320_seed=3,config7,320,3,mnist,x0_xhalf,,3,4,default.qubit,8,2,16,40,40,0.8249999999742187,0.7968749999750976,0.7874999999753906,False
results_def/outputs/wandb_backfill/yuy5d1q9,config6_N=40_seed=1,config6,40,1,mnist,x0_xhalf,,3,4,default.qubit,8,2,16,40,40,0.7999999998,0.8249999997937499,0.8249999997937499,True
results_def/outputs/wandb_backfill/fjdeseou,config7_N=40_seed=1,config7,40,1,mnist,x0_xhalf,,3,4,default.qubit,8,2,16,40,40,0.6999999998249999,0.52499999986875,0.62499999984375,False
results_def/outputs/wandb_backfill/mf0p9jd5,config6_N=40_seed=2,config6,40,2,mnist,x0_xhalf,,3,4,default.qubit,8,2,16,40,40,0.77499999980625,0.87499999978125,0.87499999978125,True
results_def/outputs/wandb_backfill/zmumrhur,config7_N=40_seed=2,config7,40,2,mnist,x0_xhalf,,3,4,default.qubit,8,2,16,40,40,0.5499999998625,0.3999999999,0.59999999985,False
results_def/outputs/wandb_backfill/m9qpeyai,config6_N=40_seed=3,config6,40,3,mnist,x0_xhalf,,3,4,default.qubit,8,2,16,40,40,0.899999999775,0.9499999997624999,0.9499999997624999,True
results_def/outputs/wandb_backfill/sv6d5gnd,config7_N=40_seed=3,config7,40,3,mnist,x0_xhalf,,3,4,default.qubit,8,2,16,40,40,0.77499999980625,0.8249999997937499,0.72499999981875,False
results_def/outputs/wandb_backfill/0ehmu9c8,config6_N=640_seed=1,config6,640,1,mnist,x0_xhalf,,3,4,default.qubit,8,2,16,40,40,0.9109374999857666,0.8953124999860107,0.8953124999860107,True
results_def/outputs/wandb_backfill/rh4erosw,config6_N=640_seed=2,config6,640,2,mnist,x0_xhalf,,3,4,default.qubit,8,2,16,40,40,0.8140624999872803,0.837499999986914,0.837499999986914,True
results_def/outputs/wandb_backfill/w6fezbgv,config6_N=640_seed=3,config6,640,3,mnist,x0_xhalf,,3,4,default.qubit,8,2,16,40,40,0.8890624999861084,0.9078124999858154,0.9078124999858154,True
results_def/outputs/wandb_backfill/5jrc94sl,config7_N=640_seed=3,config7,640,3,mnist,x0_xhalf,,3,4,default.qubit,8,2,16,40,40,0.7171874999887939,0.5234374999918213,0.7343749999885254,False
results_def/outputs/wandb_backfill/cifvvzsl,config6_N=80_seed=1,config6,80,1,mnist,x0_xhalf,,3,4,default.qubit,8,2,16,40,40,0.8999999998875001,0.874999999890625,0.874999999890625,True
results_def/outputs/wandb_backfill/r3p8rv4k,config7_N=80_seed=1,config7,80,1,mnist,x0_xhalf,,3,4,default.qubit,8,2,16,40,40,0.7374999999078126,0.8249999998968751,0.7874999999015626,False
results_def/outputs/wandb_backfill/8rlkpqq0,config6_N=80_seed=2,config6,80,2,mnist,x0_xhalf,,3,4,default.qubit,8,2,16,40,40,0.9249999998843751,0.9124999998859376,0.9124999998859376,True
results_def/outputs/wandb_backfill/0eba484k,config7_N=80_seed=2,config7,80,2,mnist,x0_xhalf,,3,4,default.qubit,8,2,16,40,40,0.7499999999062501,0.724999999909375,0.7874999999015626,False
results_def/outputs/wandb_backfill/9dngm5vd,config6_N=80_seed=3,config6,80,3,mnist,x0_xhalf,,3,4,default.qubit,8,2,16,40,40,0.9124999998859376,0.8624999998921876,0.8624999998921876,True
results_def/outputs/wandb_backfill/kuhnytha,config7_N=80_seed=3,config7,80,3,mnist,x0_xhalf,,3,4,default.qubit,8,2,16,40,40,0.7874999999015626,0.624999999921875,0.7499999999062501,False
results_def/outputs/wandb_backfill/0qhru4bp,config7_N=640_seed=1,config7,640,1,mnist,x0_xhalf,,3,4,default.qubit,8,2,16,40,40,0.8093749999873535,0.7796874999878174,0.7468749999883301,False
results_def/outputs/wandb_backfill/5ad8untl,config7_N=640_seed=2,config7,640,2,mnist,x0_xhalf,,3,4,default.qubit,8,2,16,40,40,0.7781249999878418,0.8171874999872314,0.8031249999874511,False
results_def/outputs/wandb_backfill/6lym323z,config7_N=160_seed=4,config7,160,4,mnist,x0_xhalf,,3,4,default.qubit,8,2,16,40,40,0.7499999999531249,0.718749999955078,0.7562499999527343,False
results_def/outputs/wandb_backfill/6ah9zo3m,config6_N=160_seed=5,config6,160,5,mnist,x0_xhalf,,3,4,default.qubit,8,2,16,40,40,0.9062499999433593,0.9187499999425781,0.9187499999425781,True
results_def/outputs/wandb_backfill/qsfqib9i,config7_N=160_seed=5,config7,160,5,mnist,x0_xhalf,,3,4,default.qubit,8,2,16,40,40,0.7874999999507812,0.7937499999503906,0.7749999999515624,False
results_def/outputs/wandb_backfill/zxnwmkvr,config6_N=160_seed=6,config6,160,6,mnist,x0_xhalf,,3,4,default.qubit,8,2,16,40,40,0.9437499999410156,0.8687499999457031,0.8687499999457031,True
results_def/outputs/wandb_backfill/e7tothty,config7_N=160_seed=6,config7,160,6,mnist,x0_xhalf,,3,4,default.qubit,8,2,16,40,40,0.7499999999531249,0.69999999995625,0.6749999999578125,False
results_def/outputs/wandb_backfill/3rokp4if,config6_N=160_seed=7,config6,160,7,mnist,x0_xhalf,,3,4,default.qubit,8,2,16,40,40,0.8874999999445312,0.9124999999429687,0.9124999999429687,True
results_def/outputs/wandb_backfill/upf7kg24,config6_N=160_seed=4,config6,160,4,mnist,x0_xhalf,,3,4,default.qubit,8,2,16,40,40,0.8749999999453124,0.9062499999433593,0.9062499999433593,True
results_def/outputs/wandb_backfill/alph2qd9,config6_N=320_seed=7,config6,320,7,mnist,x0_xhalf,,3,4,default.qubit,8,2,16,40,40,0.8687499999728515,0.899999999971875,0.899999999971875,True
results_def/outputs/wandb_backfill/2z46n6n3,config6_N=320_seed=4,config6,320,4,mnist,x0_xhalf,,3,4,default.qubit,8,2,16,40,40,0.8374999999738281,0.8343749999739257,0.8343749999739257,True
results_def/outputs/wandb_backfill/s8c3pfqa,config7_N=320_seed=4,config7,320,4,mnist,x0_xhalf,,3,4,default.qubit,8,2,16,40,40,0.7062499999779297,0.7312499999771485,0.7187499999775391,False
results_def/outputs/wandb_backfill/cucb8t52,config6_N=320_seed=5,config6,320,5,mnist,x0_xhalf,,3,4,default.qubit,8,2,16,40,40,0.9249999999710937,0.8781249999725586,0.8781249999725586,True
results_def/outputs/wandb_backfill/burf6amp,config7_N=320_seed=5,config7,320,5,mnist,x0_xhalf,,3,4,default.qubit,8,2,16,40,40,0.7593749999762696,0.6687499999791016,0.7312499999771485,False
results_def/outputs/wandb_backfill/rvz184q7,config6_N=320_seed=6,config6,320,6,mnist,x0_xhalf,,3,4,default.qubit,8,2,16,40,40,0.9156249999713867,0.8843749999723632,0.8843749999723632,True
results_def/outputs/wandb_backfill/omioesaf,config7_N=320_seed=6,config7,320,6,mnist,x0_xhalf,,3,4,default.qubit,8,2,16,40,40,0.8124999999746093,0.9281249999709961,0.7906249999752929,False
results_def/outputs/wandb_backfill/ds35o30e,config7_N=40_seed=4,config7,40,4,mnist,x0_xhalf,,3,4,default.qubit,8,2,16,40,40,0.7999999998,0.7499999998125,0.77499999980625,False
results_def/outputs/wandb_backfill/geqy74nm,config6_N=40_seed=5,config6,40,5,mnist,x0_xhalf,,3,4,default.qubit,8,2,16,40,40,0.8499999997875,0.8249999997937499,0.8249999997937499,True
results_def/outputs/wandb_backfill/0wu2btlv,config7_N=40_seed=5,config7,40,5,mnist,x0_xhalf,,3,4,default.qubit,8,2,16,40,40,0.77499999980625,0.67499999983125,0.72499999981875,False
results_def/outputs/wandb_backfill/kzufaesq,config6_N=40_seed=6,config6,40,6,mnist,x0_xhalf,,3,4,default.qubit,8,2,16,40,40,0.87499999978125,0.87499999978125,0.87499999978125,True
results_def/outputs/wandb_backfill/n9q8lact,config7_N=40_seed=6,config7,40,6,mnist,x0_xhalf,,3,4,default.qubit,8,2,16,40,40,0.6999999998249999,0.59999999985,0.77499999980625,False
results_def/outputs/wandb_backfill/p1ix03g1,config6_N=40_seed=7,config6,40,7,mnist,x0_xhalf,,3,4,default.qubit,8,2,16,40,40,0.8499999997875,0.8499999997875,0.8499999997875,True
results_def/outputs/wandb_backfill/cx9msh8w,config6_N=40_seed=4,config6,40,4,mnist,x0_xhalf,,3,4,default.qubit,8,2,16,40,40,0.7499999998125,0.7999999998,0.7999999998,True
results_def/outputs/wandb_backfill/ohxf5hgs,config6_N=640_seed=4,config6,640,4,mnist,x0_xhalf,,3,4,default.qubit,8,2,16,40,40,0.8078124999873779,0.8531249999866699,0.8531249999866699,True
results_def/outputs/wandb_backfill/4dh1q8f4,config7_N=640_seed=4,config7,640,4,mnist,x0_xhalf,,3,4,default.qubit,8,2,16,40,40,0.7109374999888916,0.735937499988501,0.7515624999882569,False
results_def/outputs/wandb_backfill/t0bklkuj,config6_N=640_seed=5,config6,640,5,mnist,x0_xhalf,,3,4,default.qubit,8,2,16,40,40,0.9140624999857178,0.9015624999859131,0.9015624999859131,True
results_def/outputs/wandb_backfill/c5nc9v7v,config7_N=640_seed=5,config7,640,5,mnist,x0_xhalf,,3,4,default.qubit,8,2,16,40,40,0.7671874999880127,0.6999999999890625,0.7484374999883057,False
results_def/outputs/wandb_backfill/4f7rjih1,config6_N=640_seed=6,config6,640,6,mnist,x0_xhalf,,3,4,default.qubit,8,2,16,40,40,0.9078124999858154,0.9187499999856445,0.9187499999856445,True
results_def/outputs/wandb_backfill/j5as3pp3,config7_N=640_seed=6,config7,640,6,mnist,x0_xhalf,,3,4,default.qubit,8,2,16,40,40,0.8109374999873291,0.8406249999868652,0.8218749999871582,False
results_def/outputs/wandb_backfill/bmsqch37,config7_N=80_seed=4,config7,80,4,mnist,x0_xhalf,,3,4,default.qubit,8,2,16,40,40,0.5374999999328125,0.574999999928125,0.5624999999296876,False
results_def/outputs/wandb_backfill/3qa6xgrf,config6_N=80_seed=5,config6,80,5,mnist,x0_xhalf,,3,4,default.qubit,8,2,16,40,40,0.8249999998968751,0.8249999998968751,0.8249999998968751,True
results_def/outputs/wandb_backfill/gb3tfgen,config7_N=80_seed=5,config7,80,5,mnist,x0_xhalf,,3,4,default.qubit,8,2,16,40,40,0.8124999998984376,0.7874999999015626,0.8374999998953125,False
results_def/outputs/wandb_backfill/x3u0hfwk,config6_N=80_seed=6,config6,80,6,mnist,x0_xhalf,,3,4,default.qubit,8,2,16,40,40,0.874999999890625,0.9249999998843751,0.9249999998843751,True
results_def/outputs/wandb_backfill/s9wkcbbe,config7_N=80_seed=6,config7,80,6,mnist,x0_xhalf,,3,4,default.qubit,8,2,16,40,40,0.7999999999,0.624999999921875,0.6624999999171876,False
results_def/outputs/wandb_backfill/c28eaqw2,config6_N=80_seed=7,config6,80,7,mnist,x0_xhalf,,3,4,default.qubit,8,2,16,40,40,0.8999999998875001,0.8874999998890626,0.8874999998890626,True
results_def/outputs/wandb_backfill/njpozply,config6_N=80_seed=4,config6,80,4,mnist,x0_xhalf,,3,4,default.qubit,8,2,16,40,40,0.874999999890625,0.9374999998828126,0.9374999998828126,True
results_def/outputs/wandb_backfill/2p554gou,config6_N=160_seed=1,config6,160,1,mnist,x0_xhalf,once,4,5,default.qubit,8,2,16,40,40,0.7437499999535155,0.8499999999468749,0.8499999999468749,True
results_def/outputs/wandb_backfill/q5agwo0s,config7_N=160_seed=1,config7,160,1,mnist,x0_xhalf,once,4,5,default.qubit,8,2,16,40,40,0.6437499999597656,0.6749999999578125,0.7624999999523437,False
results_def/outputs/wandb_backfill/aih6x0zs,config6_N=160_seed=2,config6,160,2,mnist,x0_xhalf,once,4,5,default.qubit,8,2,16,40,40,0.768749999951953,0.7937499999503906,0.7937499999503906,True
results_def/outputs/wandb_backfill/jiazagmb,config7_N=160_seed=2,config7,160,2,mnist,x0_xhalf,once,4,5,default.qubit,8,2,16,40,40,0.6937499999566406,0.7124999999554688,0.69999999995625,False
results_def/outputs/wandb_backfill/jtij17cc,config6_N=160_seed=3,config6,160,3,mnist,x0_xhalf,once,4,5,default.qubit,8,2,16,40,40,0.8312499999480468,0.8124999999492187,0.8124999999492187,True
results_def/outputs/wandb_backfill/rdnvezkl,config7_N=160_seed=3,config7,160,3,mnist,x0_xhalf,once,4,5,default.qubit,8,2,16,40,40,0.69999999995625,0.7812499999511718,0.6687499999582031,False
results_def/outputs/wandb_backfill/uortykkg,config6_N=320_seed=1,config6,320,1,mnist,x0_xhalf,once,4,5,default.qubit,8,2,16,40,40,0.6656249999791992,0.6437499999798828,0.6437499999798828,True
results_def/outputs/wandb_backfill/g3lurgoi,config7_N=320_seed=1,config7,320,1,mnist,x0_xhalf,once,4,5,default.qubit,8,2,16,40,40,0.6531249999795898,0.6624999999792969,0.6874999999785156,False
results_def/outputs/wandb_backfill/9fttowaj,config6_N=320_seed=2,config6,320,2,mnist,x0_xhalf,once,4,5,default.qubit,8,2,16,40,40,0.7531249999764649,0.8062499999748046,0.8062499999748046,True
results_def/outputs/wandb_backfill/2mz8ftcz,config7_N=320_seed=2,config7,320,2,mnist,x0_xhalf,once,4,5,default.qubit,8,2,16,40,40,0.6624999999792969,0.7874999999753906,0.7124999999777344,False
results_def/outputs/wandb_backfill/p3gbf3x6,config6_N=320_seed=3,config6,320,3,mnist,x0_xhalf,once,4,5,default.qubit,8,2,16,40,40,0.8124999999746093,0.8124999999746093,0.8124999999746093,True
results_def/outputs/wandb_backfill/z0yqh9xd,config7_N=320_seed=3,config7,320,3,mnist,x0_xhalf,once,4,5,default.qubit,8,2,16,40,40,0.6968749999782227,0.618749999980664,0.6968749999782227,False
results_def/outputs/wandb_backfill/5toassw6,config6_N=40_seed=1,config6,40,1,mnist,x0_xhalf,once,4,5,default.qubit,8,2,16,40,40,0.8249999997937499,0.72499999981875,0.72499999981875,True
results_def/outputs/wandb_backfill/y706hvmq,config7_N=40_seed=1,config7,40,1,mnist,x0_xhalf,once,4,5,default.qubit,8,2,16,40,40,0.77499999980625,0.67499999983125,0.6999999998249999,False
results_def/outputs/wandb_backfill/85dyeoh3,config6_N=40_seed=2,config6,40,2,mnist,x0_xhalf,once,4,5,default.qubit,8,2,16,40,40,0.87499999978125,0.8499999997875,0.8499999997875,True
results_def/outputs/wandb_backfill/i0potv0c,config7_N=40_seed=2,config7,40,2,mnist,x0_xhalf,once,4,5,default.qubit,8,2,16,40,40,0.6499999998375,0.5749999998562499,0.7499999998125,False
results_def/outputs/wandb_backfill/dkmrr4cz,config6_N=40_seed=3,config6,40,3,mnist,x0_xhalf,once,4,5,default.qubit,8,2,16,40,40,0.87499999978125,0.899999999775,0.899999999775,True
results_def/outputs/wandb_backfill/jeydjvgn,config7_N=40_seed=3,config7,40,3,mnist,x0_xhalf,once,4,5,default.qubit,8,2,16,40,40,0.72499999981875,0.7499999998125,0.6999999998249999,False
results_def/outputs/wandb_backfill/zpquhozy,config6_N=640_seed=1,config6,640,1,mnist,x0_xhalf,once,4,5,default.qubit,8,2,16,40,40,0.7953124999875733,0.7984374999875244,0.7984374999875244,True
results_def/outputs/wandb_backfill/83fm720q,config7_N=640_seed=1,config7,640,1,mnist,x0_xhalf,once,4,5,default.qubit,8,2,16,40,40,0.6562499999897461,0.7187499999887695,0.7312499999885742,False
results_def/outputs/wandb_backfill/21dlbpq1,config6_N=640_seed=2,config6,640,2,mnist,x0_xhalf,once,4,5,default.qubit,8,2,16,40,40,0.7640624999880615,0.7890624999876709,0.7890624999876709,True
results_def/outputs/wandb_backfill/3qgjweb4,config7_N=640_seed=2,config7,640,2,mnist,x0_xhalf,once,4,5,default.qubit,8,2,16,40,40,0.6781249999894043,0.7937499999875977,0.7296874999885986,False
results_def/outputs/wandb_backfill/t44vvshu,config6_N=640_seed=3,config6,640,3,mnist,x0_xhalf,once,4,5,default.qubit,8,2,16,40,40,0.8031249999874511,0.8281249999870606,0.8281249999870606,True
results_def/outputs/wandb_backfill/fqhb4tdh,config7_N=640_seed=3,config7,640,3,mnist,x0_xhalf,once,4,5,default.qubit,8,2,16,40,40,0.6953124999891357,0.6437499999899414,0.709374999988916,False
results_def/outputs/wandb_backfill/drttysn2,config6_N=80_seed=1,config6,80,1,mnist,x0_xhalf,once,4,5,default.qubit,8,2,16,40,40,0.6999999999125001,0.8249999998968751,0.8249999998968751,True
results_def/outputs/wandb_backfill/5mae73ps,config7_N=80_seed=1,config7,80,1,mnist,x0_xhalf,once,4,5,default.qubit,8,2,16,40,40,0.6124999999234375,0.7874999999015626,0.7749999999031251,False
results_def/outputs/wandb_backfill/rmsrnkiq,config6_N=80_seed=2,config6,80,2,mnist,x0_xhalf,once,4,5,default.qubit,8,2,16,40,40,0.64999999991875,0.6999999999125001,0.6999999999125001,True
results_def/outputs/wandb_backfill/4taecn5b,config7_N=80_seed=2,config7,80,2,mnist,x0_xhalf,once,4,5,default.qubit,8,2,16,40,40,0.6999999999125001,0.5999999999250001,0.7124999999109376,False
results_def/outputs/wandb_backfill/bpj81nzq,config6_N=80_seed=3,config6,80,3,mnist,x0_xhalf,once,4,5,default.qubit,8,2,16,40,40,0.8374999998953125,0.874999999890625,0.874999999890625,True
results_def/outputs/wandb_backfill/hko876mh,config7_N=80_seed=3,config7,80,3,mnist,x0_xhalf,once,4,5,default.qubit,8,2,16,40,40,0.7624999999046875,0.64999999991875,0.6874999999140625,False
results_def/outputs/wandb_backfill/8ohsrds7,config6_N=160_seed=1,config6,160,1,mnist,x0_xhalf,none,4,5,default.qubit,8,2,16,40,40,0.7437499999535155,0.8499999999468749,0.8499999999468749,True
results_def/outputs/wandb_backfill/betgq71k,config7_N=160_seed=1,config7,160,1,mnist,x0_xhalf,none,4,5,default.qubit,8,2,16,40,40,0.8124999999492187,0.8874999999445312,0.5124999999679687,False
results_def/outputs/wandb_backfill/kxuckszh,config6_N=160_seed=2,config6,160,2,mnist,x0_xhalf,none,4,5,default.qubit,8,2,16,40,40,0.768749999951953,0.7937499999503906,0.7937499999503906,True
results_def/outputs/wandb_backfill/es4yh3uh,config7_N=160_seed=2,config7,160,2,mnist,x0_xhalf,none,4,5,default.qubit,8,2,16,40,40,0.8562499999464843,0.8374999999476562,0.5312499999667969,False
results_def/outputs/wandb_backfill/sudtc932,config6_N=160_seed=3,config6,160,3,mnist,x0_xhalf,none,4,5,default.qubit,8,2,16,40,40,0.8312499999480468,0.8124999999492187,0.8124999999492187,True
results_def/outputs/wandb_backfill/mc33or5b,config7_N=160_seed=3,config7,160,3,mnist,x0_xhalf,none,4,5,default.qubit,8,2,16,40,40,0.8562499999464843,0.8624999999460937,0.5687499999644531,False
results_def/outputs/wandb_backfill/32fhp8nq,config6_N=320_seed=1,config6,320,1,mnist,x0_xhalf,none,4,5,default.qubit,8,2,16,40,40,0.6656249999791992,0.6437499999798828,0.6437499999798828,True
results_def/outputs/wandb_backfill/3i4levmd,config7_N=320_seed=1,config7,320,1,mnist,x0_xhalf,none,4,5,default.qubit,8,2,16,40,40,0.8218749999743163,0.8624999999730468,0.5156249999838867,False
results_def/outputs/wandb_backfill/fwqfhrcf,config6_N=320_seed=2,config6,320,2,mnist,x0_xhalf,none,4,5,default.qubit,8,2,16,40,40,0.7531249999764649,0.8062499999748046,0.8062499999748046,True
results_def/outputs/wandb_backfill/5nuvele4,config7_N=320_seed=2,config7,320,2,mnist,x0_xhalf,none,4,5,default.qubit,8,2,16,40,40,0.8531249999733398,0.8874999999722656,0.5343749999833007,False
results_def/outputs/wandb_backfill/2uspe5a0,config6_N=320_seed=3,config6,320,3,mnist,x0_xhalf,none,4,5,default.qubit,8,2,16,40,40,0.8124999999746093,0.8124999999746093,0.8124999999746093,True
results_def/outputs/wandb_backfill/0k53ixrz,config7_N=320_seed=3,config7,320,3,mnist,x0_xhalf,none,4,5,default.qubit,8,2,16,40,40,0.8406249999737304,0.8937499999720703,0.5749999999820312,False
results_def/outputs/wandb_backfill/c6nh6a5s,config6_N=40_seed=1,config6,40,1,mnist,x0_xhalf,none,4,5,default.qubit,8,2,16,40,40,0.8249999997937499,0.72499999981875,0.72499999981875,True
results_def/outputs/wandb_backfill/g50ykizo,config7_N=40_seed=1,config7,40,1,mnist,x0_xhalf,none,4,5,default.qubit,8,2,16,40,40,0.87499999978125,0.8249999997937499,0.6499999998375,False
results_def/outputs/wandb_backfill/1xb9bxo1,config6_N=40_seed=2,config6,40,2,mnist,x0_xhalf,none,4,5,default.qubit,8,2,16,40,40,0.87499999978125,0.8499999997875,0.8499999997875,True
results_def/outputs/wandb_backfill/ewusw5mk,config7_N=40_seed=2,config7,40,2,mnist,x0_xhalf,none,4,5,default.qubit,8,2,16,40,40,0.77499999980625,0.8249999997937499,0.5499999998625,False
results_def/outputs/wandb_backfill/qi1wc1z8,config6_N=40_seed=3,config6,40,3,mnist,x0_xhalf,none,4,5,default.qubit,8,2,16,40,40,0.87499999978125,0.899999999775,0.899999999775,True
results_def/outputs/wandb_backfill/1xwa2dqk,config7_N=40_seed=3,config7,40,3,mnist,x0_xhalf,none,4,5,default.qubit,8,2,16,40,40,0.87499999978125,0.87499999978125,0.6999999998249999,False
results_def/outputs/wandb_backfill/j4tgovxn,config6_N=640_seed=1,config6,640,1,mnist,x0_xhalf,none,4,5,default.qubit,8,2,16,40,40,0.7953124999875733,0.7984374999875244,0.7984374999875244,True
results_def/outputs/wandb_backfill/l6dy28sb,config7_N=640_seed=1,config7,640,1,mnist,x0_xhalf,none,4,5,default.qubit,8,2,16,40,40,0.8578124999865967,0.845312499986792,0.5328124999916748,False
results_def/outputs/wandb_backfill/5xzk33yf,config6_N=640_seed=2,config6,640,2,mnist,x0_xhalf,none,4,5,default.qubit,8,2,16,40,40,0.7640624999880615,0.7890624999876709,0.7890624999876709,True
results_def/outputs/wandb_backfill/dhusvbg2,config7_N=640_seed=2,config7,640,2,mnist,x0_xhalf,none,4,5,default.qubit,8,2,16,40,40,0.8421874999868408,0.882812499986206,0.5578124999912841,False
results_def/outputs/wandb_backfill/4ayjn9us,config6_N=640_seed=3,config6,640,3,mnist,x0_xhalf,none,4,5,default.qubit,8,2,16,40,40,0.8031249999874511,0.8281249999870606,0.8281249999870606,True
results_def/outputs/wandb_backfill/c4uisiav,config7_N=640_seed=3,config7,640,3,mnist,x0_xhalf,none,4,5,default.qubit,8,2,16,40,40,0.8656249999864746,0.8781249999862792,0.5468749999914551,False
results_def/outputs/wandb_backfill/9931esww,config6_N=80_seed=1,config6,80,1,mnist,x0_xhalf,none,4,5,default.qubit,8,2,16,40,40,0.6999999999125001,0.8249999998968751,0.8249999998968751,True
results_def/outputs/wandb_backfill/5aq9v4vj,config7_N=80_seed=1,config7,80,1,mnist,x0_xhalf,none,4,5,default.qubit,8,2,16,40,40,0.8124999998984376,0.8874999998890626,0.4874999999390625,False
results_def/outputs/wandb_backfill/w3dm169j,config6_N=80_seed=2,config6,80,2,mnist,x0_xhalf,none,4,5,default.qubit,8,2,16,40,40,0.64999999991875,0.6999999999125001,0.6999999999125001,True
results_def/outputs/wandb_backfill/6bquro0b,config7_N=80_seed=2,config7,80,2,mnist,x0_xhalf,none,4,5,default.qubit,8,2,16,40,40,0.8874999998890626,0.8124999998984376,0.46249999994218755,False
results_def/outputs/wandb_backfill/ixwj52uc,config6_N=80_seed=3,config6,80,3,mnist,x0_xhalf,none,4,5,default.qubit,8,2,16,40,40,0.8374999998953125,0.874999999890625,0.874999999890625,True
results_def/outputs/wandb_backfill/48qcy0ue,config7_N=80_seed=3,config7,80,3,mnist,x0_xhalf,none,4,5,default.qubit,8,2,16,40,40,0.874999999890625,0.8999999998875001,0.574999999928125,False
results_def/outputs/wandb_backfill/izcpldqr,config6_N=160_seed=4,config6,160,4,mnist,x0_xhalf,none,4,5,default.qubit,8,2,16,40,40,0.7999999999499999,0.7999999999499999,0.7999999999499999,True
results_def/outputs/wandb_backfill/zei9ka9d,config7_N=160_seed=4,config7,160,4,mnist,x0_xhalf,none,4,5,default.qubit,8,2,16,40,40,0.8687499999457031,0.8374999999476562,0.6187499999613281,False
results_def/outputs/wandb_backfill/26a5pntm,config6_N=160_seed=5,config6,160,5,mnist,x0_xhalf,none,4,5,default.qubit,8,2,16,40,40,0.8562499999464843,0.8249999999484374,0.8249999999484374,True
results_def/outputs/wandb_backfill/9p67xsbv,config7_N=160_seed=5,config7,160,5,mnist,x0_xhalf,none,4,5,default.qubit,8,2,16,40,40,0.8687499999457031,0.8687499999457031,0.5249999999671875,False
results_def/outputs/wandb_backfill/uhe6usfh,config6_N=160_seed=6,config6,160,6,mnist,x0_xhalf,none,4,5,default.qubit,8,2,16,40,40,0.69999999995625,0.7249999999546874,0.7249999999546874,True
results_def/outputs/wandb_backfill/b96uz1xo,config7_N=160_seed=6,config7,160,6,mnist,x0_xhalf,none,4,5,default.qubit,8,2,16,40,40,0.8687499999457031,0.8437499999472656,0.549999999965625,False
results_def/outputs/wandb_backfill/wavyym2p,config6_N=160_seed=4,config6,160,4,mnist,x0_xhalf,once,4,5,default.qubit,8,2,16,40,40,0.7999999999499999,0.7999999999499999,0.7999999999499999,True
results_def/outputs/wandb_backfill/vc5gucyt,config7_N=160_seed=4,config7,160,4,mnist,x0_xhalf,once,4,5,default.qubit,8,2,16,40,40,0.7499999999531249,0.7999999999499999,0.6187499999613281,False
results_def/outputs/wandb_backfill/5j2yocmo,config6_N=160_seed=5,config6,160,5,mnist,x0_xhalf,once,4,5,default.qubit,8,2,16,40,40,0.8562499999464843,0.8249999999484374,0.8249999999484374,True
results_def/outputs/wandb_backfill/okc8e3dh,config7_N=160_seed=5,config7,160,5,mnist,x0_xhalf,once,4,5,default.qubit,8,2,16,40,40,0.7249999999546874,0.6812499999574219,0.7312499999542968,False
results_def/outputs/wandb_backfill/n49tp5gp,config6_N=160_seed=6,config6,160,6,mnist,x0_xhalf,once,4,5,default.qubit,8,2,16,40,40,0.69999999995625,0.7249999999546874,0.7249999999546874,True
results_def/outputs/wandb_backfill/trc4abox,config7_N=160_seed=6,config7,160,6,mnist,x0_xhalf,once,4,5,default.qubit,8,2,16,40,40,0.6812499999574219,0.7437499999535155,0.6874999999570313,False
results_def/outputs/wandb_backfill/jnppidky,config6_N=320_seed=4,config6,320,4,mnist,x0_xhalf,none,4,5,default.qubit,8,2,16,40,40,0.7968749999750976,0.8249999999742187,0.8249999999742187,True
results_def/outputs/wandb_backfill/vc2pxeoq,config7_N=320_seed=4,config7,320,4,mnist,x0_xhalf,none,4,5,default.qubit,8,2,16,40,40,0.8687499999728515,0.9124999999714843,0.6312499999802734,False
results_def/outputs/wandb_backfill/7hb7gxkv,config6_N=320_seed=5,config6,320,5,mnist,x0_xhalf,none,4,5,default.qubit,8,2,16,40,40,0.8343749999739257,0.8031249999749023,0.8031249999749023,True
results_def/outputs/wandb_backfill/1epm8ho0,config7_N=320_seed=5,config7,320,5,mnist,x0_xhalf,none,4,5,default.qubit,8,2,16,40,40,0.8812499999724609,0.8937499999720703,0.5374999999832031,False
results_def/outputs/wandb_backfill/iuby19xq,config6_N=320_seed=6,config6,320,6,mnist,x0_xhalf,none,4,5,default.qubit,8,2,16,40,40,0.7624999999761719,0.818749999974414,0.818749999974414,True
results_def/outputs/wandb_backfill/kykhq4pz,config7_N=320_seed=6,config7,320,6,mnist,x0_xhalf,none,4,5,default.qubit,8,2,16,40,40,0.8781249999725586,0.8874999999722656,0.5781249999819336,False
results_def/outputs/wandb_backfill/4uj2wtkq,config6_N=320_seed=4,config6,320,4,mnist,x0_xhalf,once,4,5,default.qubit,8,2,16,40,40,0.7968749999750976,0.8249999999742187,0.8249999999742187,True
results_def/outputs/wandb_backfill/k6q2bg8a,config7_N=320_seed=4,config7,320,4,mnist,x0_xhalf,once,4,5,default.qubit,8,2,16,40,40,0.7343749999770508,0.6531249999795898,0.690624999978418,False
results_def/outputs/wandb_backfill/gdydzvh2,config6_N=320_seed=5,config6,320,5,mnist,x0_xhalf,once,4,5,default.qubit,8,2,16,40,40,0.8343749999739257,0.8031249999749023,0.8031249999749023,True
results_def/outputs/wandb_backfill/53yvilba,config7_N=320_seed=5,config7,320,5,mnist,x0_xhalf,once,4,5,default.qubit,8,2,16,40,40,0.7374999999769531,0.5593749999825195,0.699999999978125,False
results_def/outputs/wandb_backfill/997n1euk,config6_N=320_seed=6,config6,320,6,mnist,x0_xhalf,once,4,5,default.qubit,8,2,16,40,40,0.7624999999761719,0.818749999974414,0.818749999974414,True
results_def/outputs/wandb_backfill/0gsp754x,config7_N=320_seed=6,config7,320,6,mnist,x0_xhalf,once,4,5,default.qubit,8,2,16,40,40,0.6687499999791016,0.8124999999746093,0.7374999999769531,False
results_def/outputs/wandb_backfill/mizmwqh4,config6_N=40_seed=4,config6,40,4,mnist,x0_xhalf,none,4,5,default.qubit,8,2,16,40,40,0.72499999981875,0.8499999997875,0.8499999997875,True
results_def/outputs/wandb_backfill/cip2tu1d,config7_N=40_seed=4,config7,40,4,mnist,x0_xhalf,none,4,5,default.qubit,8,2,16,40,40,0.8499999997875,0.87499999978125,0.5749999998562499,False
results_def/outputs/wandb_backfill/i9vi5iib,config6_N=40_seed=5,config6,40,5,mnist,x0_xhalf,none,4,5,default.qubit,8,2,16,40,40,0.8499999997875,0.7999999998,0.7999999998,True
results_def/outputs/wandb_backfill/4okp5nfz,config7_N=40_seed=5,config7,40,5,mnist,x0_xhalf,none,4,5,default.qubit,8,2,16,40,40,0.899999999775,0.8499999997875,0.47499999988124997,False
results_def/outputs/wandb_backfill/h6ugnoat,config6_N=40_seed=6,config6,40,6,mnist,x0_xhalf,none,4,5,default.qubit,8,2,16,40,40,0.6999999998249999,0.6999999998249999,0.6999999998249999,True
results_def/outputs/wandb_backfill/ud6yxmwx,config7_N=40_seed=6,config7,40,6,mnist,x0_xhalf,none,4,5,default.qubit,8,2,16,40,40,0.7999999998,0.899999999775,0.52499999986875,False
results_def/outputs/wandb_backfill/45ppczxw,config6_N=40_seed=4,config6,40,4,mnist,x0_xhalf,once,4,5,default.qubit,8,2,16,40,40,0.72499999981875,0.8499999997875,0.8499999997875,True
results_def/outputs/wandb_backfill/gkn08pmb,config7_N=40_seed=4,config7,40,4,mnist,x0_xhalf,once,4,5,default.qubit,8,2,16,40,40,0.7499999998125,0.8249999997937499,0.8249999997937499,False
results_def/outputs/wandb_backfill/aj6zmp7k,config6_N=40_seed=5,config6,40,5,mnist,x0_xhalf,once,4,5,default.qubit,8,2,16,40,40,0.8499999997875,0.7999999998,0.7999999998,True
results_def/outputs/wandb_backfill/yhabhskv,config7_N=40_seed=5,config7,40,5,mnist,x0_xhalf,once,4,5,default.qubit,8,2,16,40,40,0.7999999998,0.5749999998562499,0.6499999998375,False
results_def/outputs/wandb_backfill/6hlo5geo,config6_N=40_seed=6,config6,40,6,mnist,x0_xhalf,once,4,5,default.qubit,8,2,16,40,40,0.6999999998249999,0.6999999998249999,0.6999999998249999,True
results_def/outputs/wandb_backfill/vthk8eqe,config7_N=40_seed=6,config7,40,6,mnist,x0_xhalf,once,4,5,default.qubit,8,2,16,40,40,0.5499999998625,0.7999999998,0.67499999983125,False
results_def/outputs/wandb_backfill/k5ku6l4h,config6_N=640_seed=4,config6,640,4,mnist,x0_xhalf,none,4,5,default.qubit,8,2,16,40,40,0.7640624999880615,0.8468749999867675,0.8468749999867675,True
results_def/outputs/wandb_backfill/8irntt9g,config7_N=640_seed=4,config7,640,4,mnist,x0_xhalf,none,4,5,default.qubit,8,2,16,40,40,0.8609374999865479,0.9046874999858643,0.5906249999907714,False
results_def/outputs/wandb_backfill/9nflyb1w,config6_N=640_seed=5,config6,640,5,mnist,x0_xhalf,none,4,5,default.qubit,8,2,16,40,40,0.818749999987207,0.7968749999875488,0.7968749999875488,True
results_def/outputs/wandb_backfill/gso8lunn,config7_N=640_seed=5,config7,640,5,mnist,x0_xhalf,none,4,5,default.qubit,8,2,16,40,40,0.8671874999864502,0.8968749999859863,0.5609374999912353,False
results_def/outputs/wandb_backfill/rjk9zfwq,config6_N=640_seed=6,config6,640,6,mnist,x0_xhalf,none,4,5,default.qubit,8,2,16,40,40,0.7906249999876465,0.7874999999876953,0.7874999999876953,True
results_def/outputs/wandb_backfill/5apgn5ai,config7_N=640_seed=6,config7,640,6,mnist,x0_xhalf,none,4,5,default.qubit,8,2,16,40,40,0.8656249999864746,0.8812499999862304,0.5656249999911621,False
results_def/outputs/wandb_backfill/22snt3ko,config6_N=640_seed=4,config6,640,4,mnist,x0_xhalf,once,4,5,default.qubit,8,2,16,40,40,0.7640624999880615,0.8468749999867675,0.8468749999867675,True
results_def/outputs/wandb_backfill/y4wrmjjg,config7_N=640_seed=4,config7,640,4,mnist,x0_xhalf,once,4,5,default.qubit,8,2,16,40,40,0.7015624999890381,0.6984374999890869,0.7109374999888916,False
results_def/outputs/wandb_backfill/aj2pwy2t,config6_N=640_seed=5,config6,640,5,mnist,x0_xhalf,once,4,5,default.qubit,8,2,16,40,40,0.818749999987207,0.7968749999875488,0.7968749999875488,True
results_def/outputs/wandb_backfill/24kp1tms,config7_N=640_seed=5,config7,640,5,mnist,x0_xhalf,once,4,5,default.qubit,8,2,16,40,40,0.6890624999892334,0.6468749999898926,0.7265624999886474,False
results_def/outputs/wandb_backfill/ndt7f4vb,config6_N=640_seed=6,config6,640,6,mnist,x0_xhalf,once,4,5,default.qubit,8,2,16,40,40,0.7906249999876465,0.7874999999876953,0.7874999999876953,True
results_def/outputs/wandb_backfill/7oopo5zv,config7_N=640_seed=6,config7,640,6,mnist,x0_xhalf,once,4,5,default.qubit,8,2,16,40,40,0.645312499989917,0.7749999999878906,0.7593749999881347,False
results_def/outputs/wandb_backfill/brsdh5ck,config6_N=80_seed=4,config6,80,4,mnist,x0_xhalf,none,4,5,default.qubit,8,2,16,40,40,0.7499999999062501,0.6749999999156251,0.6749999999156251,True
results_def/outputs/wandb_backfill/fghm7eq8,config7_N=80_seed=4,config7,80,4,mnist,x0_xhalf,none,4,5,default.qubit,8,2,16,40,40,0.7874999999015626,0.7999999999,0.47499999994062503,False
results_def/outputs/wandb_backfill/8ab9snvk,config6_N=80_seed=5,config6,80,5,mnist,x0_xhalf,none,4,5,default.qubit,8,2,16,40,40,0.8874999998890626,0.8499999998937501,0.8499999998937501,True
results_def/outputs/wandb_backfill/ws79qw3j,config7_N=80_seed=5,config7,80,5,mnist,x0_xhalf,none,4,5,default.qubit,8,2,16,40,40,0.9249999998843751,0.8624999998921876,0.4874999999390625,False
results_def/outputs/wandb_backfill/ods43f0c,config6_N=80_seed=6,config6,80,6,mnist,x0_xhalf,none,4,5,default.qubit,8,2,16,40,40,0.6874999999140625,0.8249999998968751,0.8249999998968751,True
results_def/outputs/wandb_backfill/85heebaf,config7_N=80_seed=6,config7,80,6,mnist,x0_xhalf,none,4,5,default.qubit,8,2,16,40,40,0.8374999998953125,0.9249999998843751,0.5874999999265625,False
results_def/outputs/wandb_backfill/pxwy2ik5,config6_N=80_seed=4,config6,80,4,mnist,x0_xhalf,once,4,5,default.qubit,8,2,16,40,40,0.7499999999062501,0.6749999999156251,0.6749999999156251,True
results_def/outputs/wandb_backfill/lz8ienuy,config7_N=80_seed=4,config7,80,4,mnist,x0_xhalf,once,4,5,default.qubit,8,2,16,40,40,0.6749999999156251,0.6124999999234375,0.5999999999250001,False
results_def/outputs/wandb_backfill/ai33dcqh,config6_N=80_seed=5,config6,80,5,mnist,x0_xhalf,once,4,5,default.qubit,8,2,16,40,40,0.8874999998890626,0.8499999998937501,0.8499999998937501,True
results_def/outputs/wandb_backfill/5eyscxhy,config7_N=80_seed=5,config7,80,5,mnist,x0_xhalf,once,4,5,default.qubit,8,2,16,40,40,0.7499999999062501,0.6624999999171876,0.724999999909375,False
results_def/outputs/wandb_backfill/577mok1l,config6_N=80_seed=6,config6,80,6,mnist,x0_xhalf,once,4,5,default.qubit,8,2,16,40,40,0.6874999999140625,0.8249999998968751,0.8249999998968751,True
results_def/outputs/wandb_backfill/4wkxrlr1,config7_N=80_seed=6,config7,80,6,mnist,x0_xhalf,once,4,5,default.qubit,8,2,16,40,40,0.6749999999156251,0.8624999998921876,0.8124999998984376,False
results_def/outputs/wandb_backfill/021rgq3k,config6_N=160_seed=1,config6,160,1,mnist,x0_xhalf,online,4,5,default.qubit,8,2,16,40,40,0.7437499999535155,0.8499999999468749,0.8499999999468749,True
results_def/outputs/wandb_backfill/31i5f0h7,config7_N=160_seed=1,config7,160,1,mnist,x0_xhalf,online,4,5,default.qubit,8,2,16,40,40,0.6749999999578125,0.6687499999582031,0.7749999999515624,False
results_def/outputs/wandb_backfill/88s6h85l,config6_N=160_seed=2,config6,160,2,mnist,x0_xhalf,online,4,5,default.qubit,8,2,16,40,40,0.768749999951953,0.7937499999503906,0.7937499999503906,True
results_def/outputs/wandb_backfill/tu3xtdid,config7_N=160_seed=2,config7,160,2,mnist,x0_xhalf,online,4,5,default.qubit,8,2,16,40,40,0.69999999995625,0.7062499999558594,0.6749999999578125,False
results_def/outputs/wandb_backfill/cl4tclpl,config6_N=160_seed=3,config6,160,3,mnist,x0_xhalf,online,4,5,default.qubit,8,2,16,40,40,0.8312499999480468,0.8124999999492187,0.8124999999492187,True
results_def/outputs/wandb_backfill/5f2zrfn4,config6_N=320_seed=1,config6,320,1,mnist,x0_xhalf,online,4,5,default.qubit,8,2,16,40,40,0.6656249999791992,0.6437499999798828,0.6437499999798828,True
results_def/outputs/wandb_backfill/gj83tjdj,config7_N=320_seed=1,config7,320,1,mnist,x0_xhalf,online,4,5,default.qubit,8,2,16,40,40,0.690624999978418,0.8218749999743163,0.709374999977832,False
results_def/outputs/wandb_backfill/uu08v13o,config6_N=320_seed=2,config6,320,2,mnist,x0_xhalf,online,4,5,default.qubit,8,2,16,40,40,0.7531249999764649,0.8062499999748046,0.8062499999748046,True
results_def/outputs/wandb_backfill/wetq117f,config7_N=320_seed=2,config7,320,2,mnist,x0_xhalf,online,4,5,default.qubit,8,2,16,40,40,0.6624999999792969,0.7562499999763672,0.7343749999770508,False
results_def/outputs/wandb_backfill/wul9s38d,config6_N=40_seed=1,config6,40,1,mnist,x0_xhalf,online,4,5,default.qubit,8,2,16,40,40,0.8249999997937499,0.72499999981875,0.72499999981875,True
results_def/outputs/wandb_backfill/fylm943e,config7_N=40_seed=1,config7,40,1,mnist,x0_xhalf,online,4,5,default.qubit,8,2,16,40,40,0.62499999984375,0.77499999980625,0.6999999998249999,False
results_def/outputs/wandb_backfill/gz7s8tgu,config6_N=40_seed=2,config6,40,2,mnist,x0_xhalf,online,4,5,default.qubit,8,2,16,40,40,0.87499999978125,0.8499999997875,0.8499999997875,True
results_def/outputs/wandb_backfill/rvmv2a9m,config7_N=40_seed=2,config7,40,2,mnist,x0_xhalf,online,4,5,default.qubit,8,2,16,40,40,0.67499999983125,0.7499999998125,0.67499999983125,False
results_def/outputs/wandb_backfill/mdc2x1r4,config6_N=40_seed=3,config6,40,3,mnist,x0_xhalf,online,4,5,default.qubit,8,2,16,40,40,0.87499999978125,0.899999999775,0.899999999775,True
results_def/outputs/wandb_backfill/25t9i942,config6_N=640_seed=1,config6,640,1,mnist,x0_xhalf,online,4,5,default.qubit,8,2,16,40,40,0.7953124999875733,0.7984374999875244,0.7984374999875244,True
results_def/outputs/wandb_backfill/o0jfteng,config7_N=640_seed=1,config7,640,1,mnist,x0_xhalf,online,4,5,default.qubit,8,2,16,40,40,0.6843749999893066,0.618749999990332,0.7124999999888671,False
results_def/outputs/wandb_backfill/73rjnnsd,config6_N=640_seed=2,config6,640,2,mnist,x0_xhalf,online,4,5,default.qubit,8,2,16,40,40,0.7640624999880615,0.7890624999876709,0.7890624999876709,True
results_def/outputs/wandb_backfill/cdosf28l,config6_N=80_seed=1,config6,80,1,mnist,x0_xhalf,online,4,5,default.qubit,8,2,16,40,40,0.6999999999125001,0.8249999998968751,0.8249999998968751,True
results_def/outputs/wandb_backfill/c6le5l49,config7_N=80_seed=1,config7,80,1,mnist,x0_xhalf,online,4,5,default.qubit,8,2,16,40,40,0.6999999999125001,0.724999999909375,0.724999999909375,False
results_def/outputs/wandb_backfill/hiscy2pp,config6_N=80_seed=2,config6,80,2,mnist,x0_xhalf,online,4,5,default.qubit,8,2,16,40,40,0.64999999991875,0.6999999999125001,0.6999999999125001,True
results_def/outputs/wandb_backfill/aud3i37k,config7_N=80_seed=2,config7,80,2,mnist,x0_xhalf,online,4,5,default.qubit,8,2,16,40,40,0.6874999999140625,0.8249999998968751,0.7374999999078126,False
results_def/outputs/wandb_backfill/vq9awqvj,config6_N=80_seed=3,config6,80,3,mnist,x0_xhalf,online,4,5,default.qubit,8,2,16,40,40,0.8374999998953125,0.874999999890625,0.874999999890625,True
results_def/outputs/2026-07-31/15-13-40,config6_N=30_seed=1234,config6,30,1234,mnist,,,3,4,default.qubit,8,2,16,1,1,0.4999999998333333,0.4999999998333333,0.4999999998333333,True
results_def/outputs/2026-07-31/15-13-41,config7_N=30_seed=1234,config7,30,1234,mnist,,,3,4,default.qubit,8,2,16,1,1,0.4999999998333333,0.4999999998333333,0.4999999998333333,False
