seed,N,non_equivariance,p_err,max_val_acc,max_epoch
42,20,0,0.0,0.9,17
42,20,0,0.01,0.9,15
42,20,0,0.02,0.9,15
42,20,0,0.03,0.9,15
42,20,0,0.04,0.9,15
42,20,0,0.05,0.9,16
42,20,0,0.06,0.9,16
42,20,0,0.07,0.9,16
42,20,0,0.08,0.9,17
42,20,0,0.09,0.9,17
42,20,0,0.1,0.9,17
42,20,0,0.11,0.89999999955,18
42,20,0,0.11,0.9,19
42,20,0,0.12,0.89999999955,19
42,20,0,0.12,0.9,20
42,20,0,0.13,0.89999999955,21
42,20,0,0.13,0.9,22
42,20,0,0.14,0.9999999995,30
42,20,0,0.14,1.0,31
42,20,0,0.15,0.949999999525,25
42,20,0,0.15,0.95,26
42,20,0,0.16,0.949999999525,22
42,20,0,0.16,0.95,23
42,20,0,0.17,0.649999999675,38
42,20,0,0.17,0.65,39
42,20,0,0.18,0.949999999525,21
42,20,0,0.18,0.95,22
42,20,0,0.19,0.9999999995,14
42,20,0,0.19,1.0,15
42,20,0,0.2,0.9999999995,11
42,20,0,0.2,1.0,12
42,20,1,0.0,0.95,9
42,20,1,0.02,0.85,10
42,20,1,0.03,0.85,11
42,20,1,0.04,0.8,12
42,20,1,0.05,0.75,12
42,20,1,0.06,0.7,17
42,20,1,0.07,0.7,23
42,20,1,0.08,0.65,23
42,20,1,0.09,0.65,35
42,20,1,0.1,0.6,1
42,20,1,0.11,0.5999999997,35
42,20,1,0.11,0.6,36
42,20,1,0.12,0.649999999675,1
42,20,1,0.12,0.65,2
42,20,1,0.13,0.649999999675,1
42,20,1,0.13,0.65,2
42,20,1,0.14,0.5999999997,1
42,20,1,0.14,0.6,2
42,20,1,0.15,0.549999999725,10
42,20,1,0.15,0.55,11
42,20,1,0.16,0.649999999675,25
42,20,1,0.16,0.65,26
42,20,1,0.17,0.49999999975,2
42,20,1,0.17,0.5,3
42,20,1,0.18,0.5999999997,32
42,20,1,0.18,0.6,33
42,20,1,0.19,0.5999999997,32
42,20,1,0.19,0.6,33
42,20,1,0.2,0.5999999997,0
42,20,1,0.2,0.6,1
42,20,2,0.0,0.95,11
42,20,2,0.01,0.95,12
42,20,2,0.02,0.85,10
42,20,2,0.03,0.85,11
42,20,2,0.04,0.8,11
42,20,2,0.05,0.8,11
42,20,2,0.06,0.7,12
42,20,2,0.07,0.7,15
42,20,2,0.08,0.7,19
42,20,2,0.09,0.7,23
42,20,2,0.1,0.65,23
42,20,2,0.11,0.649999999675,24
42,20,2,0.11,0.65,25
42,20,2,0.12,0.649999999675,1
42,20,2,0.12,0.65,2
42,20,2,0.13,0.649999999675,1
42,20,2,0.13,0.65,2
42,20,2,0.14,0.549999999725,35
42,20,2,0.14,0.55,36
42,20,2,0.15,0.6999999996499999,6
42,20,2,0.15,0.7,7
42,20,2,0.16,0.649999999675,37
42,20,2,0.16,0.65,38
42,20,2,0.17,0.649999999675,37
42,20,2,0.17,0.65,38
42,20,2,0.18,0.649999999675,35
42,20,2,0.18,0.65,36
42,20,2,0.19,0.5999999997,38
42,20,2,0.19,0.6,39
42,20,2,0.2,0.5999999997,1
42,20,2,0.2,0.6,2
42,20,3,0.0,0.8,39
42,20,3,0.01,0.8,38
42,20,3,0.02,0.8,38
42,20,3,0.03,0.75,38
42,20,3,0.04,0.75,38
42,20,3,0.05,0.7,38
42,20,3,0.06,0.7,39
42,20,3,0.07,0.6,6
42,20,3,0.08,0.6,6
42,20,3,0.09,0.6,6
42,20,3,0.1,0.65,7
42,20,3,0.11,0.649999999675,7
42,20,3,0.11,0.65,8
42,20,3,0.12,0.649999999675,7
42,20,3,0.12,0.65,8
42,20,3,0.13,0.5999999997,7
42,20,3,0.13,0.6,8
42,20,3,0.14,0.5999999997,7
42,20,3,0.14,0.6,8
42,20,3,0.15,0.5999999997,7
42,20,3,0.15,0.6,8
42,20,3,0.16,0.549999999725,5
42,20,3,0.16,0.55,6
42,20,3,0.17,0.5999999997,6
42,20,3,0.17,0.6,7
42,20,3,0.18,0.5999999997,6
42,20,3,0.18,0.6,7
42,20,3,0.19,0.5999999997,6
42,20,3,0.19,0.6,7
42,20,3,0.2,0.5999999997,5
42,20,3,0.2,0.6,6
42,20,4,0.0,0.949999999525,7
42,20,4,0.01,0.949999999525,7
42,20,4,0.02,0.949999999525,5
42,20,4,0.03,0.949999999525,6
42,20,4,0.04,0.949999999525,6
42,20,4,0.05,0.949999999525,4
42,20,4,0.06,0.89999999955,4
42,20,4,0.07,0.89999999955,4
42,20,4,0.08,0.949999999525,3
42,20,4,0.09,0.949999999525,3
42,20,4,0.1,0.949999999525,6
42,40,0,0.0,0.6999999998249999,19
42,40,0,0.01,0.6999999998249999,20
42,40,0,0.02,0.67499999983125,12
42,40,0,0.03,0.67499999983125,13
42,40,0,0.04,0.67499999983125,13
42,40,0,0.05,0.6999999998249999,14
42,40,0,0.06,0.6999999998249999,14
42,40,0,0.07,0.6999999998249999,14
42,40,0,0.08,0.6999999998249999,15
42,40,0,0.09,0.6999999998249999,15
42,40,0,0.1,0.6999999998249999,16
42,40,0,0.11,0.6999999998249999,16
42,40,0,0.12,0.72499999981875,24
42,40,0,0.13,0.72499999981875,9
42,40,0,0.14,0.8499999997875,39
42,40,0,0.15,0.7999999998,14
42,40,0,0.16,0.8249999997937499,13
42,40,0,0.17,0.7499999998125,39
42,40,0,0.18,0.8499999997875,13
42,40,0,0.19,0.8499999997875,9
42,40,0,0.2,0.8499999997875,7
42,40,1,0.0,0.8249999997937499,12
42,40,1,0.01,0.7999999998,12
42,40,1,0.02,0.7499999998125,9
42,40,1,0.03,0.72499999981875,11
42,40,1,0.04,0.67499999983125,12
42,40,1,0.05,0.59999999985,14
42,40,1,0.06,0.5749999998562499,14
42,40,1,0.07,0.5499999998625,11
42,40,1,0.08,0.52499999986875,1
42,40,1,0.09,0.52499999986875,1
42,40,1,0.1,0.52499999986875,1
42,40,1,0.11,0.5749999998562499,1
42,40,1,0.12,0.62499999984375,1
42,40,1,0.13,0.59999999985,15
42,40,1,0.14,0.5749999998562499,7
42,40,1,0.15,0.62499999984375,5
42,40,1,0.16,0.62499999984375,3
42,40,1,0.17,0.62499999984375,4
42,40,1,0.18,0.59999999985,2
42,40,1,0.19,0.62499999984375,5
42,40,1,0.2,0.62499999984375,1
42,40,2,0.0,0.8499999997875,12
42,40,2,0.01,0.7999999998,9
42,40,2,0.02,0.7499999998125,9
42,40,2,0.03,0.72499999981875,25
42,40,2,0.04,0.72499999981875,13
42,40,2,0.05,0.67499999983125,11
42,40,2,0.06,0.6499999998375,11
42,40,2,0.07,0.6499999998375,11
42,40,2,0.08,0.62499999984375,11
42,40,2,0.09,0.62499999984375,11
42,40,2,0.1,0.5749999998562499,11
42,40,2,0.11,0.5499999998625,11
42,40,2,0.12,0.52499999986875,11
42,40,2,0.13,0.59999999985,32
42,40,2,0.14,0.62499999984375,6
42,40,2,0.15,0.62499999984375,3
42,40,2,0.16,0.5749999998562499,1
42,40,2,0.17,0.59999999985,5
42,40,2,0.18,0.59999999985,4
42,40,2,0.19,0.59999999985,3
42,40,2,0.2,0.59999999985,3
42,40,3,0.0,0.62499999984375,5
42,40,3,0.01,0.59999999985,5
42,40,3,0.02,0.59999999985,5
42,40,3,0.03,0.59999999985,5
42,40,3,0.04,0.59999999985,5
42,40,3,0.05,0.5749999998562499,5
42,40,3,0.06,0.5749999998562499,4
42,40,3,0.07,0.5749999998562499,3
42,40,3,0.08,0.5749999998562499,3
42,40,3,0.09,0.5749999998562499,3
42,40,3,0.1,0.5749999998562499,3
42,40,3,0.11,0.5749999998562499,3
42,40,3,0.12,0.5749999998562499,3
42,40,3,0.13,0.5749999998562499,3
42,40,3,0.14,0.5749999998562499,4
42,40,3,0.15,0.5749999998562499,4
42,40,3,0.16,0.5749999998562499,4
42,40,3,0.17,0.5749999998562499,4
42,40,3,0.18,0.59999999985,4
42,40,3,0.19,0.59999999985,4
42,40,3,0.2,0.59999999985,4
42,40,4,0.01,0.92499999976875,16
42,40,4,0.02,0.92499999976875,16
42,40,4,0.03,0.92499999976875,16
42,40,4,0.04,0.92499999976875,7
42,40,4,0.05,0.92499999976875,5
42,40,4,0.06,0.92499999976875,5
42,40,4,0.07,0.92499999976875,37
42,40,4,0.08,0.899999999775,5
42,40,4,0.09,0.92499999976875,6
42,40,4,0.1,0.92499999976875,6
42,80,0,0.0,0.7624999999046875,18
42,80,0,0.01,0.7624999999046875,16
42,80,0,0.02,0.7624999999046875,16
42,80,0,0.03,0.7499999999062501,17
42,80,0,0.04,0.7499999999062501,7
42,80,0,0.05,0.7624999999046875,19
42,80,0,0.06,0.7749999999031251,21
42,80,0,0.07,0.7749999999031251,24
42,80,0,0.08,0.7874999999015626,31
42,80,0,0.09,0.7999999999,29
42,80,0,0.1,0.8124999998984376,35
42,80,0,0.11,0.8374999998953125,21
42,80,0,0.12,0.874999999890625,30
42,80,0,0.13,0.8874999998890626,21
42,80,0,0.14,0.8374999998953125,39
42,80,0,0.15,0.8374999998953125,7
42,80,0,0.16,0.8374999998953125,32
42,80,0,0.17,0.8374999998953125,30
42,80,0,0.18,0.8499999998937501,4
42,80,0,0.19,0.8624999998921876,3
42,80,0,0.2,0.8624999998921876,3
42,80,1,0.0,0.8374999998953125,14
42,80,1,0.01,0.8124999998984376,30
42,80,1,0.02,0.7874999999015626,13
42,80,1,0.03,0.7749999999031251,21
42,80,1,0.04,0.724999999909375,30
42,80,1,0.05,0.6999999999125001,15
42,80,1,0.06,0.6624999999171876,15
42,80,1,0.07,0.6124999999234375,1
42,80,1,0.08,0.5999999999250001,1
42,80,1,0.09,0.5374999999328125,1
42,80,1,0.1,0.5624999999296876,1
42,80,1,0.11,0.5249999999343751,6
42,80,1,0.12,0.5249999999343751,13
42,80,1,0.13,0.5374999999328125,6
42,80,1,0.14,0.5374999999328125,7
42,80,1,0.15,0.5124999999359375,4
42,80,1,0.16,0.5249999999343751,7
42,80,1,0.17,0.5374999999328125,23
42,80,1,0.18,0.5249999999343751,5
42,80,1,0.19,0.5249999999343751,7
42,80,1,0.2,0.5249999999343751,27
42,80,2,0.0,0.8374999998953125,28
42,80,2,0.01,0.8124999998984376,30
42,80,2,0.02,0.7749999999031251,8
42,80,2,0.03,0.7499999999062501,8
42,80,2,0.04,0.7499999999062501,12
42,80,2,0.05,0.724999999909375,30
42,80,2,0.06,0.6999999999125001,15
42,80,2,0.07,0.6624999999171876,22
42,80,2,0.08,0.5874999999265625,1
42,80,2,0.09,0.54999999993125,1
42,80,2,0.1,0.54999999993125,1
42,80,2,0.11,0.5249999999343751,11
42,80,2,0.12,0.5374999999328125,7
42,80,2,0.13,0.5374999999328125,13
42,80,2,0.14,0.5374999999328125,6
42,80,2,0.15,0.5124999999359375,6
42,80,2,0.16,0.54999999993125,15
42,80,2,0.17,0.5374999999328125,7
42,80,2,0.18,0.5249999999343751,5
42,80,2,0.19,0.5249999999343751,7
42,80,2,0.2,0.5249999999343751,27
42,80,3,0.0,0.7749999999031251,7
42,80,3,0.01,0.7624999999046875,7
42,80,3,0.02,0.7624999999046875,7
42,80,3,0.03,0.7374999999078126,7
42,80,3,0.04,0.6999999999125001,9
42,80,3,0.05,0.6749999999156251,38
42,80,3,0.06,0.6749999999156251,38
42,80,3,0.07,0.6624999999171876,39
42,80,3,0.08,0.64999999991875,4
42,80,3,0.09,0.6374999999203126,4
42,80,3,0.1,0.64999999991875,39
42,80,3,0.11,0.64999999991875,38
42,80,3,0.12,0.6374999999203126,38
42,80,3,0.13,0.6374999999203126,38
42,80,3,0.14,0.6374999999203126,38
42,80,3,0.15,0.6374999999203126,38
42,80,3,0.16,0.624999999921875,4
42,80,3,0.17,0.624999999921875,4
42,80,3,0.18,0.624999999921875,4
42,80,3,0.19,0.6374999999203126,4
42,80,3,0.2,0.624999999921875,4
42,80,4,0.01,0.9249999998843752,4
42,80,4,0.02,0.9374999998828126,4
42,80,4,0.03,0.9249999998843752,4
42,80,4,0.04,0.9124999998859376,4
42,80,4,0.05,0.9249999998843752,3
42,80,4,0.06,0.9249999998843752,3
42,80,4,0.07,0.9374999998828126,3
42,80,4,0.08,0.9374999998828126,3
42,80,4,0.09,0.9249999998843752,3
42,80,4,0.1,0.9249999998843752,3
42,160,0,0.0,0.768749999951953,17
42,160,0,0.0,0.768749999951953,17
42,160,0,0.01,0.768749999951953,15
42,160,0,0.01,0.768749999951953,15
42,160,0,0.02,0.768749999951953,15
42,160,0,0.02,0.768749999951953,15
42,160,0,0.03,0.768749999951953,15
42,160,0,0.03,0.768749999951953,15
42,160,0,0.04,0.7749999999515624,22
42,160,0,0.04,0.7749999999515624,22
42,160,0,0.05,0.7874999999507812,19
42,160,0,0.05,0.7874999999507812,19
42,160,0,0.06,0.7812499999511718,19
42,160,0,0.06,0.7812499999511718,19
42,160,0,0.07,0.7874999999507812,26
42,160,0,0.07,0.7874999999507812,26
42,160,0,0.08,0.7937499999503906,19
42,160,0,0.08,0.7937499999503906,19
42,160,0,0.09,0.8187499999488281,27
42,160,0,0.09,0.8187499999488281,27
42,160,0,0.1,0.8499999999468749,35
42,160,0,0.1,0.8499999999468749,35
42,160,0,0.11,0.8499999999468749,20
42,160,0,0.12,0.8687499999457031,21
42,160,0,0.13,0.8687499999457031,28
42,160,0,0.14,0.8249999999484374,36
42,160,0,0.15,0.8312499999480468,7
42,160,0,0.16,0.8249999999484374,5
42,160,0,0.17,0.8249999999484374,4
42,160,0,0.18,0.8499999999468749,4
42,160,0,0.19,0.8312499999480468,3
42,160,0,0.2,0.8499999999468749,3
42,160,1,0.0,0.8249999999484374,34
42,160,1,0.0,0.8249999999484374,34
42,160,1,0.01,0.7999999999499999,8
42,160,1,0.01,0.7999999999499999,8
42,160,1,0.02,0.7749999999515624,8
42,160,1,0.02,0.7749999999515624,8
42,160,1,0.03,0.7749999999515624,14
42,160,1,0.03,0.7749999999515624,14
42,160,1,0.04,0.7374999999539062,12
42,160,1,0.04,0.7374999999539062,12
42,160,1,0.05,0.718749999955078,14
42,160,1,0.05,0.718749999955078,14
42,160,1,0.06,0.6937499999566406,14
42,160,1,0.06,0.6937499999566406,14
42,160,1,0.07,0.6249999999609375,1
42,160,1,0.07,0.6249999999609375,1
42,160,1,0.08,0.6062499999621094,1
42,160,1,0.08,0.6062499999621094,1
42,160,1,0.09,0.5687499999644531,1
42,160,1,0.09,0.5687499999644531,1
42,160,1,0.1,0.5624999999648437,15
42,160,1,0.1,0.5624999999648437,15
42,160,1,0.11,0.5687499999644531,18
42,160,1,0.12,0.5562499999652344,15
42,160,1,0.13,0.5687499999644531,12
42,160,1,0.14,0.549999999965625,4
42,160,1,0.15,0.549999999965625,2
42,160,1,0.16,0.5437499999660156,3
42,160,1,0.17,0.549999999965625,6
42,160,1,0.18,0.549999999965625,4
42,160,1,0.19,0.549999999965625,4
42,160,1,0.2,0.549999999965625,6
42,160,2,0.0,0.8312499999480468,26
42,160,2,0.0,0.8312499999480468,26
42,160,2,0.01,0.8062499999496093,14
42,160,2,0.02,0.7812499999511718,8
42,160,2,0.03,0.7624999999523437,14
42,160,2,0.04,0.7499999999531249,14
42,160,2,0.05,0.7249999999546874,14
42,160,2,0.06,0.7374999999539062,39
42,160,2,0.07,0.69999999995625,34
42,160,2,0.08,0.5999999999625,2
42,160,2,0.09,0.5687499999644531,35
42,160,2,0.1,0.5624999999648437,15
42,160,2,0.11,0.5687499999644531,19
42,160,2,0.12,0.5562499999652344,13
42,160,2,0.13,0.5562499999652344,7
42,160,2,0.14,0.549999999965625,5
42,160,2,0.15,0.5437499999660156,3
42,160,2,0.16,0.549999999965625,11
42,160,2,0.17,0.5437499999660156,6
42,160,2,0.18,0.5437499999660156,4
42,160,2,0.19,0.5437499999660156,4
42,160,2,0.2,0.5437499999660156,6
42,160,3,0.0,0.7812499999511718,39
42,160,3,0.01,0.7874999999507812,39
42,160,3,0.02,0.7999999999499999,39
42,160,3,0.03,0.7999999999499999,39
42,160,3,0.04,0.7999999999499999,39
42,160,3,0.05,0.8062499999496093,39
42,160,3,0.06,0.8124999999492187,39
42,160,3,0.07,0.8187499999488281,39
42,160,3,0.08,0.8187499999488281,37
42,160,3,0.09,0.8187499999488281,37
42,160,3,0.1,0.8187499999488281,38
42,160,3,0.11,0.8624999999460937,35
42,160,3,0.12,0.8687499999457031,35
42,160,3,0.13,0.8624999999460937,35
42,160,3,0.14,0.8562499999464843,35
42,160,3,0.15,0.8562499999464843,35
42,160,3,0.16,0.8562499999464843,35
42,160,3,0.17,0.8687499999457031,36
42,160,3,0.18,0.8687499999457031,36
42,160,3,0.19,0.8624999999460937,37
42,160,3,0.2,0.8624999999460937,37
42,160,4,0.01,0.8749999999453124,30
42,160,4,0.02,0.8749999999453124,30
42,160,4,0.03,0.8749999999453124,30
42,160,4,0.04,0.8749999999453124,30
42,160,4,0.05,0.8687499999457031,30
42,160,4,0.06,0.8624999999460937,30
42,160,4,0.07,0.8562499999464843,14
42,160,4,0.08,0.8562499999464843,13
42,160,4,0.09,0.8499999999468749,17
42,160,4,0.1,0.8499999999468749,30
42,320,0,0.01,0.7874999999753906,8
42,320,0,0.02,0.7874999999753906,9
42,320,0,0.03,0.7906249999752929,8
42,320,0,0.04,0.7937499999751952,6
42,320,0,0.05,0.7999999999749999,6
42,320,0,0.06,0.8062499999748046,6
42,320,0,0.07,0.7999999999749999,5
42,320,0,0.08,0.8031249999749023,4
42,320,0,0.09,0.8218749999743163,20
42,320,0,0.1,0.8406249999737304,24
42,320,0,0.11,0.8656249999729492,29
42,320,0,0.12,0.8781249999725586,24
42,320,0,0.13,0.8874999999722656,24
42,320,0,0.14,0.8937499999720703,33
42,320,0,0.15,0.8593749999731445,7
42,320,0,0.16,0.8531249999733398,5
42,320,0,0.17,0.8499999999734374,4
42,320,0,0.18,0.8499999999734374,3
42,320,0,0.19,0.8624999999730468,3
42,320,0,0.2,0.8718749999727539,3
42,320,1,0.01,0.818749999974414,23
42,320,1,0.02,0.8031249999749023,10
42,320,1,0.03,0.7749999999757813,9
42,320,1,0.04,0.7624999999761719,10
42,320,1,0.05,0.7406249999768555,9
42,320,1,0.06,0.7187499999775391,13
42,320,1,0.07,0.7156249999776367,9
42,320,1,0.08,0.6531249999795898,13
42,320,1,0.09,0.6406249999799805,2
42,320,1,0.1,0.6156249999807617,1
42,320,1,0.11,0.618749999980664,1
42,320,1,0.12,0.5781249999819336,1
42,320,1,0.13,0.5468749999829101,1
42,320,1,0.14,0.5374999999832031,6
42,320,1,0.15,0.5343749999833007,6
42,320,1,0.16,0.5437499999830078,1
42,320,1,0.17,0.5499999999828125,1
42,320,1,0.18,0.5562499999826171,3
42,320,1,0.19,0.5593749999825195,3
42,320,1,0.2,0.5593749999825195,1
42,320,2,0.01,0.818749999974414,23
42,320,2,0.02,0.8031249999749023,35
42,320,2,0.03,0.781249999975586,23
42,320,2,0.04,0.7624999999761719,8
42,320,2,0.05,0.7437499999767578,35
42,320,2,0.06,0.7562499999763672,33
42,320,2,0.07,0.7249999999773438,35
42,320,2,0.08,0.6968749999782227,35
42,320,2,0.09,0.6687499999791016,33
42,320,2,0.1,0.59999999998125,3
42,320,2,0.11,0.5687499999822265,1
42,320,2,0.12,0.5531249999827148,1
42,320,2,0.13,0.5437499999830078,1
42,320,2,0.14,0.528124999983496,3
42,320,2,0.15,0.5437499999830078,1
42,320,2,0.16,0.5562499999826171,1
42,320,2,0.17,0.5499999999828125,1
42,320,2,0.18,0.5499999999828125,3
42,320,2,0.19,0.5593749999825195,3
42,320,2,0.2,0.5624999999824218,3
42,320,3,0.01,0.8718749999727539,35
42,320,3,0.02,0.8718749999727539,33
42,320,3,0.03,0.8687499999728515,32
42,320,3,0.04,0.8687499999728515,30
42,320,3,0.05,0.8718749999727539,24
42,320,3,0.06,0.8656249999729492,23
42,320,3,0.07,0.8656249999729492,22
42,320,3,0.08,0.8624999999730468,21
42,320,3,0.09,0.8656249999729492,21
42,320,3,0.1,0.8624999999730468,21
42,320,3,0.11,0.8624999999730468,24
42,320,3,0.12,0.8624999999730468,21
42,320,3,0.13,0.8624999999730468,24
42,320,3,0.14,0.8624999999730468,24
42,320,3,0.15,0.8624999999730468,24
42,320,3,0.16,0.8624999999730468,24
42,320,3,0.17,0.8656249999729492,24
42,320,3,0.18,0.8656249999729492,24
42,320,3,0.19,0.8656249999729492,24
42,320,3,0.2,0.8624999999730468,24
101,20,0,0.0,1.0,7
101,20,0,0.01,1.0,18
101,20,0,0.02,0.95,4
101,20,0,0.03,0.95,4
101,20,0,0.04,0.95,4
101,20,0,0.05,0.95,5
101,20,0,0.06,0.95,5
101,20,0,0.07,0.9,1
101,20,0,0.08,0.9,1
101,20,0,0.09,0.9,2
101,20,0,0.1,0.9,2
101,20,0,0.11,0.949999999525,6
101,20,0,0.11,0.95,7
101,20,0,0.12,0.89999999955,2
101,20,0,0.12,0.9,3
101,20,0,0.13,0.89999999955,12
101,20,0,0.13,0.9,13
101,20,0,0.14,0.89999999955,10
101,20,0,0.14,0.9,11
101,20,0,0.15,0.8499999995749999,2
101,20,0,0.15,0.85,3
101,20,0,0.16,0.8499999995749999,2
101,20,0,0.16,0.85,3
101,20,0,0.17,0.8499999995749999,2
101,20,0,0.17,0.85,3
101,20,0,0.18,0.8499999995749999,2
101,20,0,0.18,0.85,3
101,20,0,0.19,0.8499999995749999,2
101,20,0,0.19,0.85,3
101,20,0,0.2,0.8499999995749999,2
101,20,0,0.2,0.85,3
101,20,1,0.0,1.0,3
101,20,1,0.01,0.9,3
101,20,1,0.02,0.85,2
101,20,1,0.03,0.85,5
101,20,1,0.04,0.8,3
101,20,1,0.05,0.75,5
101,20,1,0.06,0.75,7
101,20,1,0.07,0.75,9
101,20,1,0.08,0.8,17
101,20,1,0.09,0.5,5
101,20,1,0.1,0.5,8
101,20,1,0.11,0.49999999975,7
101,20,1,0.11,0.5,8
101,20,1,0.12,0.5999999997,19
101,20,1,0.12,0.6,20
101,20,1,0.13,0.549999999725,28
101,20,1,0.13,0.55,29
101,20,1,0.14,0.549999999725,18
101,20,1,0.14,0.55,19
101,20,1,0.15,0.449999999775,10
101,20,1,0.15,0.45,11
101,20,1,0.16,0.3999999998,10
101,20,1,0.16,0.4,11
101,20,1,0.17,0.3999999998,10
101,20,1,0.17,0.4,11
101,20,1,0.18,0.549999999725,21
101,20,1,0.18,0.55,22
101,20,1,0.19,0.49999999975,17
101,20,1,0.19,0.5,18
101,20,1,0.2,0.49999999975,16
101,20,1,0.2,0.5,17
101,20,2,0.0,1.0,3
101,20,2,0.01,0.9,3
101,20,2,0.02,0.85,2
101,20,2,0.03,0.85,4
101,20,2,0.04,0.8,3
101,20,2,0.05,0.75,5
101,20,2,0.06,0.75,5
101,20,2,0.07,0.75,9
101,20,2,0.08,0.45,24
101,20,2,0.09,0.45,9
101,20,2,0.1,0.45,37
101,20,2,0.11,0.449999999775,35
101,20,2,0.11,0.45,36
101,20,2,0.12,0.5999999997,13
101,20,2,0.12,0.6,14
101,20,2,0.13,0.549999999725,16
101,20,2,0.13,0.55,17
101,20,2,0.14,0.549999999725,23
101,20,2,0.14,0.55,24
101,20,2,0.15,0.3999999998,10
101,20,2,0.15,0.4,11
101,20,2,0.16,0.549999999725,36
101,20,2,0.16,0.55,37
101,20,2,0.17,0.49999999975,35
101,20,2,0.17,0.5,36
101,20,2,0.18,0.549999999725,21
101,20,2,0.18,0.55,22
101,20,2,0.19,0.549999999725,24
101,20,2,0.19,0.55,25
101,20,2,0.2,0.549999999725,17
101,20,2,0.2,0.55,18
101,20,3,0.0,0.65,29
101,20,3,0.01,0.65,29
101,20,3,0.02,0.65,29
101,20,3,0.03,0.65,26
101,20,3,0.04,0.65,29
101,20,3,0.05,0.7,32
101,20,3,0.06,0.7,37
101,20,3,0.07,0.65,32
101,20,3,0.08,0.65,37
101,20,3,0.09,0.6,29
101,20,3,0.1,0.6,29
101,20,3,0.11,0.649999999675,29
101,20,3,0.11,0.65,30
101,20,3,0.12,0.6999999996499999,28
101,20,3,0.12,0.7,29
101,20,3,0.13,0.6999999996499999,32
101,20,3,0.13,0.7,33
101,20,3,0.14,0.5999999997,20
101,20,3,0.14,0.6,21
101,20,3,0.15,0.5999999997,17
101,20,3,0.15,0.6,18
101,20,3,0.16,0.5999999997,15
101,20,3,0.16,0.6,16
101,20,3,0.17,0.5999999997,18
101,20,3,0.17,0.6,19
101,20,3,0.18,0.5999999997,14
101,20,3,0.18,0.6,15
101,20,3,0.19,0.5999999997,13
101,20,3,0.19,0.6,14
101,20,3,0.2,0.5999999997,13
101,20,3,0.2,0.6,14
101,20,4,0.0,0.89999999955,29
101,20,4,0.01,0.89999999955,29
101,20,4,0.02,0.89999999955,29
101,20,4,0.03,0.89999999955,18
101,20,4,0.04,0.89999999955,34
101,20,4,0.05,0.89999999955,34
101,20,4,0.06,0.89999999955,35
101,20,4,0.07,0.89999999955,36
101,20,4,0.08,0.89999999955,38
101,20,4,0.09,0.89999999955,39
101,20,4,0.1,0.8499999995749999,39
101,40,0,0.11,0.899999999775,5
101,40,0,0.12,0.87499999978125,2
101,40,0,0.13,0.899999999775,6
101,40,0,0.14,0.87499999978125,2
101,40,0,0.15,0.87499999978125,2
101,40,0,0.16,0.87499999978125,2
101,40,0,0.17,0.87499999978125,2
101,40,0,0.18,0.87499999978125,2
101,40,0,0.19,0.899999999775,2
101,40,0,0.2,0.92499999976875,2
101,40,1,0.11,0.499999999875,2
101,40,1,0.12,0.52499999986875,3
101,40,1,0.13,0.52499999986875,3
101,40,1,0.14,0.59999999985,4
101,40,1,0.15,0.62499999984375,4
101,40,1,0.16,0.59999999985,4
101,40,1,0.17,0.62499999984375,6
101,40,1,0.18,0.62499999984375,4
101,40,1,0.19,0.62499999984375,3
101,40,1,0.2,0.62499999984375,3
101,40,2,0.11,0.499999999875,2
101,40,2,0.12,0.52499999986875,3
101,40,2,0.13,0.5749999998562499,4
101,40,2,0.14,0.59999999985,4
101,40,2,0.15,0.62499999984375,5
101,40,2,0.16,0.59999999985,4
101,40,2,0.17,0.62499999984375,6
101,40,2,0.18,0.62499999984375,6
101,40,2,0.19,0.62499999984375,3
101,40,2,0.2,0.62499999984375,3
101,40,3,0.11,0.59999999985,6
101,40,3,0.12,0.5749999998562499,5
101,40,3,0.13,0.59999999985,6
101,40,3,0.14,0.62499999984375,6
101,40,3,0.15,0.62499999984375,6
101,40,3,0.16,0.62499999984375,6
101,40,3,0.17,0.62499999984375,6
101,40,3,0.18,0.62499999984375,6
101,40,3,0.19,0.59999999985,6
101,40,3,0.2,0.59999999985,6
101,40,4,0.01,0.92499999976875,10
101,40,4,0.02,0.92499999976875,9
101,40,4,0.03,0.92499999976875,9
101,40,4,0.04,0.92499999976875,9
101,40,4,0.05,0.92499999976875,8
101,40,4,0.06,0.92499999976875,8
101,40,4,0.07,0.92499999976875,29
101,40,4,0.08,0.92499999976875,10
101,40,4,0.09,0.92499999976875,10
101,40,4,0.1,0.899999999775,7
101,80,0,0.11,0.8499999998937501,2
101,80,0,0.12,0.8374999998953125,2
101,80,0,0.13,0.8499999998937501,7
101,80,0,0.14,0.8499999998937501,3
101,80,0,0.15,0.8624999998921876,6
101,80,0,0.16,0.8624999998921876,4
101,80,0,0.17,0.874999999890625,3
101,80,0,0.18,0.8624999998921876,3
101,80,0,0.19,0.8624999998921876,2
101,80,0,0.2,0.874999999890625,2
101,80,1,0.11,0.5374999999328125,7
101,80,1,0.12,0.5374999999328125,21
101,80,1,0.13,0.5374999999328125,16
101,80,1,0.14,0.5374999999328125,11
101,80,1,0.15,0.5374999999328125,11
101,80,1,0.16,0.5249999999343751,5
101,80,1,0.17,0.5249999999343751,5
101,80,1,0.18,0.5249999999343751,6
101,80,1,0.19,0.5249999999343751,8
101,80,1,0.2,0.5249999999343751,11
101,80,2,0.11,0.5374999999328125,7
101,80,2,0.12,0.5374999999328125,21
101,80,2,0.13,0.5374999999328125,11
101,80,2,0.14,0.54999999993125,11
101,80,2,0.15,0.5374999999328125,19
101,80,2,0.16,0.5249999999343751,5
101,80,2,0.17,0.5249999999343751,6
101,80,2,0.18,0.5249999999343751,6
101,80,2,0.19,0.5249999999343751,8
101,80,2,0.2,0.5249999999343751,11
101,80,3,0.11,0.7874999999015626,36
101,80,3,0.12,0.7749999999031251,39
101,80,3,0.13,0.7749999999031251,39
101,80,3,0.14,0.7749999999031251,39
101,80,3,0.15,0.7499999999062501,39
101,80,3,0.16,0.7374999999078126,39
101,80,3,0.17,0.724999999909375,39
101,80,3,0.18,0.724999999909375,38
101,80,3,0.19,0.7124999999109376,37
101,80,3,0.2,0.7124999999109376,36
101,80,4,0.01,0.8874999998890626,18
101,80,4,0.02,0.8874999998890626,16
101,80,4,0.03,0.8874999998890626,13
101,80,4,0.04,0.8874999998890626,24
101,80,4,0.05,0.8874999998890626,9
101,80,4,0.06,0.8874999998890626,9
101,80,4,0.07,0.8874999998890626,9
101,80,4,0.08,0.8874999998890626,10
101,80,4,0.09,0.8874999998890626,23
101,80,4,0.1,0.8874999998890626,20
101,160,0,0.11,0.8499999999468749,21
101,160,0,0.12,0.8749999999453124,35
101,160,0,0.13,0.8749999999453124,35
101,160,0,0.14,0.8437499999472656,5
101,160,0,0.15,0.8437499999472656,4
101,160,0,0.16,0.8562499999464843,3
101,160,0,0.17,0.8624999999460937,3
101,160,0,0.18,0.8562499999464843,2
101,160,0,0.19,0.8624999999460937,2
101,160,0,0.2,0.8687499999457031,2
101,160,1,0.11,0.5624999999648437,29
101,160,1,0.12,0.5687499999644531,17
101,160,1,0.13,0.5437499999660156,2
101,160,1,0.14,0.5437499999660156,6
101,160,1,0.15,0.549999999965625,3
101,160,1,0.16,0.549999999965625,3
101,160,1,0.17,0.549999999965625,5
101,160,1,0.18,0.5437499999660156,3
101,160,1,0.19,0.549999999965625,4
101,160,1,0.2,0.5437499999660156,4
101,160,2,0.11,0.5624999999648437,29
101,160,2,0.12,0.5687499999644531,17
101,160,2,0.13,0.5437499999660156,7
101,160,2,0.14,0.5437499999660156,9
101,160,2,0.15,0.5437499999660156,3
101,160,2,0.16,0.549999999965625,3
101,160,2,0.17,0.549999999965625,5
101,160,2,0.18,0.5437499999660156,3
101,160,2,0.19,0.549999999965625,4
101,160,2,0.2,0.5437499999660156,4
101,160,3,0.11,0.8624999999460937,27
101,160,3,0.12,0.8624999999460937,27
101,160,3,0.13,0.8624999999460937,29
101,160,3,0.14,0.8687499999457031,29
101,160,3,0.15,0.8562499999464843,29
101,160,3,0.16,0.8624999999460937,30
101,160,3,0.17,0.8562499999464843,30
101,160,3,0.18,0.8499999999468749,30
101,160,3,0.19,0.8624999999460937,31
101,160,3,0.2,0.8687499999457031,31
101,160,4,0.01,0.8749999999453124,6
101,160,4,0.02,0.8749999999453124,9
101,160,4,0.03,0.8749999999453124,4
101,160,4,0.04,0.8812499999449218,4
101,160,4,0.05,0.8812499999449218,3
101,160,4,0.06,0.8812499999449218,3
101,160,4,0.07,0.8874999999445312,3
101,160,4,0.08,0.8812499999449218,3
101,160,4,0.09,0.8874999999445312,3
101,160,4,0.1,0.8812499999449218,3
104,40,0,0.0,0.72499999981875,6
104,40,0,0.01,0.72499999981875,4
104,40,0,0.02,0.72499999981875,3
104,40,0,0.03,0.72499999981875,2
104,40,0,0.04,0.72499999981875,2
104,40,0,0.05,0.72499999981875,2
104,40,0,0.06,0.72499999981875,3
104,40,0,0.07,0.72499999981875,3
104,40,0,0.08,0.7499999998125,6
104,40,0,0.09,0.7499999998125,5
104,40,0,0.1,0.77499999980625,5
104,40,1,0.0,0.8249999997937499,9
104,40,1,0.01,0.77499999980625,7
104,40,1,0.02,0.7499999998125,7
104,40,1,0.03,0.72499999981875,8
104,40,1,0.04,0.6499999998375,10
104,40,1,0.05,0.5749999998562499,8
104,40,1,0.06,0.5499999998625,0
104,40,1,0.07,0.5499999998625,1
104,40,1,0.08,0.5749999998562499,1
104,40,1,0.09,0.5499999998625,3
104,40,1,0.1,0.5499999998625,7
104,40,2,0.0,0.8249999997937499,9
104,40,2,0.01,0.77499999980625,7
104,40,2,0.02,0.7499999998125,7
104,40,2,0.03,0.72499999981875,8
104,40,2,0.04,0.6499999998375,10
104,40,2,0.05,0.5749999998562499,8
104,40,2,0.06,0.5499999998625,0
104,40,2,0.07,0.5499999998625,1
104,40,2,0.08,0.5499999998625,1
104,40,2,0.09,0.5499999998625,3
104,40,2,0.1,0.5499999998625,7
104,40,3,0.0,0.67499999983125,4
104,40,3,0.01,0.6499999998375,4
104,40,3,0.02,0.59999999985,4
104,40,3,0.03,0.5749999998562499,3
104,40,3,0.04,0.5749999998562499,3
104,40,3,0.05,0.5749999998562499,3
104,40,3,0.06,0.5749999998562499,3
104,40,3,0.07,0.5749999998562499,2
104,40,3,0.08,0.5749999998562499,2
104,40,3,0.09,0.5749999998562499,4
104,40,3,0.1,0.5749999998562499,4
104,80,0,0.0,0.7874999999015626,14
104,80,0,0.01,0.7874999999015626,19
104,80,0,0.02,0.7749999999031251,19
104,80,0,0.03,0.7749999999031251,19
104,80,0,0.04,0.7874999999015626,24
104,80,0,0.05,0.7874999999015626,21
104,80,0,0.06,0.7874999999015626,23
104,80,0,0.07,0.7874999999015626,27
104,80,0,0.08,0.7874999999015626,5
104,80,0,0.09,0.8124999998984376,4
104,80,0,0.1,0.8249999998968751,3
104,80,1,0.0,0.8374999998953125,8
104,80,1,0.01,0.8124999998984376,8
104,80,1,0.02,0.7749999999031251,8
104,80,1,0.03,0.7624999999046875,8
104,80,1,0.04,0.724999999909375,8
104,80,1,0.05,0.6874999999140625,8
104,80,1,0.06,0.64999999991875,8
104,80,1,0.07,0.574999999928125,1
104,80,1,0.08,0.54999999993125,1
104,80,1,0.09,0.54999999993125,1
104,80,1,0.1,0.54999999993125,1
104,80,2,0.0,0.8374999998953125,8
104,80,2,0.01,0.8124999998984376,8
104,80,2,0.02,0.7749999999031251,8
104,80,2,0.03,0.7624999999046875,8
104,80,2,0.04,0.724999999909375,8
104,80,2,0.05,0.6874999999140625,8
104,80,2,0.06,0.64999999991875,10
104,80,2,0.07,0.5874999999265625,1
104,80,2,0.08,0.54999999993125,1
104,80,2,0.09,0.54999999993125,1
104,80,2,0.1,0.54999999993125,1
104,80,3,0.0,0.8874999998890626,39
104,80,3,0.01,0.8624999998921876,38
104,80,3,0.02,0.8624999998921876,38
104,80,3,0.03,0.874999999890625,39
104,80,3,0.04,0.8499999998937501,39
104,80,3,0.05,0.8374999998953125,39
104,80,3,0.06,0.7999999999,39
104,80,3,0.07,0.8124999998984376,39
104,80,3,0.08,0.8124999998984376,39
104,80,3,0.09,0.7999999999,35
104,80,3,0.1,0.7999999999,36
104,160,0,0.0,0.7874999999507812,13
104,160,0,0.0,0.7874999999507812,13
104,160,0,0.01,0.7874999999507812,12
104,160,0,0.01,0.7874999999507812,12
104,160,0,0.02,0.7812499999511718,6
104,160,0,0.02,0.7812499999511718,6
104,160,0,0.03,0.7874999999507812,22
104,160,0,0.03,0.7874999999507812,22
104,160,0,0.04,0.7937499999503906,25
104,160,0,0.04,0.7937499999503906,25
104,160,0,0.05,0.7874999999507812,19
104,160,0,0.05,0.7874999999507812,19
104,160,0,0.06,0.7937499999503906,25
104,160,0,0.06,0.7937499999503906,25
104,160,0,0.07,0.7999999999499999,5
104,160,0,0.07,0.7999999999499999,5
104,160,0,0.08,0.8124999999492187,24
104,160,0,0.08,0.8124999999492187,24
104,160,0,0.09,0.8249999999484374,25
104,160,0,0.09,0.8249999999484374,25
104,160,0,0.1,0.8437499999472656,20
104,160,0,0.1,0.8437499999472656,20
104,160,1,0.0,0.8249999999484374,21
104,160,1,0.0,0.8249999999484374,21
104,160,1,0.01,0.8062499999496093,14
104,160,1,0.01,0.8062499999496093,14
104,160,1,0.02,0.7749999999515624,13
104,160,1,0.02,0.7749999999515624,13
104,160,1,0.03,0.7624999999523437,13
104,160,1,0.03,0.7624999999523437,13
104,160,1,0.04,0.7374999999539062,13
104,160,1,0.04,0.7374999999539062,13
104,160,1,0.05,0.69999999995625,10
104,160,1,0.05,0.69999999995625,10
104,160,1,0.06,0.6812499999574219,12
104,160,1,0.06,0.6812499999574219,12
104,160,1,0.07,0.5874999999632812,26
104,160,1,0.07,0.5874999999632812,26
104,160,1,0.08,0.549999999965625,1
104,160,1,0.08,0.549999999965625,1
104,160,1,0.09,0.5687499999644531,33
104,160,1,0.09,0.5687499999644531,33
104,160,1,0.1,0.5562499999652344,17
104,160,1,0.1,0.5562499999652344,17
104,160,2,0.0,0.8249999999484374,39
104,160,2,0.0,0.8249999999484374,39
999,20,0,0.0,0.9,14
999,20,0,0.01,0.9,17
999,20,0,0.02,0.9,16
999,20,0,0.03,0.9,15
999,20,0,0.04,0.9,16
999,20,0,0.05,0.9,17
999,20,0,0.06,0.9,17
999,20,0,0.07,0.9,18
999,20,0,0.08,0.9,18
999,20,0,0.09,0.9,19
999,20,0,0.1,0.9,19
999,20,0,0.11,0.89999999955,20
999,20,0,0.11,0.9,21
999,20,0,0.12,0.89999999955,23
999,20,0,0.12,0.9,24
999,20,0,0.13,0.9999999995,34
999,20,0,0.13,1.0,35
999,20,0,0.14,0.549999999725,23
999,20,0,0.14,0.55,24
999,20,0,0.15,0.549999999725,24
999,20,0,0.15,0.55,25
999,20,0,0.16,0.549999999725,35
999,20,0,0.16,0.55,36
999,20,0,0.17,0.9999999995,19
999,20,0,0.17,1.0,20
999,20,0,0.18,0.9999999995,12
999,20,0,0.18,1.0,13
999,20,0,0.19,0.949999999525,9
999,20,0,0.19,0.95,10
999,20,0,0.2,0.9999999995,7
999,20,0,0.2,1.0,8
999,20,1,0.0,0.95,13
999,20,1,0.01,0.9,12
999,20,1,0.02,0.85,11
999,20,1,0.03,0.85,13
999,20,1,0.04,0.7,12
999,20,1,0.05,0.65,12
999,20,1,0.06,0.6,13
999,20,1,0.07,0.6,5
999,20,1,0.08,0.6,5
999,20,1,0.09,0.65,5
999,20,1,0.1,0.6,1
999,20,1,0.11,0.649999999675,3
999,20,1,0.11,0.65,4
999,20,1,0.12,0.649999999675,3
999,20,1,0.12,0.65,4
999,20,1,0.13,0.6999999996499999,4
999,20,1,0.13,0.7,5
999,20,1,0.14,0.749999999625,12
999,20,1,0.14,0.75,13
999,20,1,0.15,0.5999999997,25
999,20,1,0.15,0.6,26
999,20,1,0.16,0.49999999975,0
999,20,1,0.16,0.5,1
999,20,1,0.17,0.5999999997,0
999,20,1,0.17,0.6,1
999,20,1,0.18,0.5999999997,0
999,20,1,0.18,0.6,1
999,20,1,0.19,0.649999999675,0
999,20,1,0.19,0.65,1
999,20,1,0.2,0.649999999675,0
999,20,1,0.2,0.65,1
999,20,2,0.0,0.95,14
999,20,2,0.01,0.9,12
999,20,2,0.02,0.85,11
999,20,2,0.03,0.85,12
999,20,2,0.04,0.7,13
999,20,2,0.05,0.65,13
999,20,2,0.06,0.6,19
999,20,2,0.07,0.6,13
999,20,2,0.08,0.6,4
999,20,2,0.09,0.65,2
999,20,2,0.1,0.7,2
999,20,2,0.11,0.6999999996499999,2
999,20,2,0.11,0.7,3
999,20,2,0.12,0.749999999625,3
999,20,2,0.12,0.75,4
999,20,2,0.13,0.6999999996499999,4
999,20,2,0.13,0.7,5
999,20,2,0.14,0.749999999625,11
999,20,2,0.14,0.75,12
999,20,2,0.15,0.6999999996499999,19
999,20,2,0.15,0.7,20
999,20,2,0.16,0.49999999975,0
999,20,2,0.16,0.5,1
999,20,2,0.17,0.5999999997,0
999,20,2,0.17,0.6,1
999,20,2,0.18,0.5999999997,0
999,20,2,0.18,0.6,1
999,20,2,0.19,0.5999999997,0
999,20,2,0.19,0.6,1
999,20,2,0.2,0.649999999675,0
999,20,2,0.2,0.65,1
999,20,3,0.0,0.85,37
999,20,3,0.01,0.85,39
999,20,3,0.02,0.75,33
999,20,3,0.03,0.75,35
999,20,3,0.04,0.75,35
999,20,3,0.05,0.75,37
999,20,3,0.06,0.75,39
999,20,3,0.07,0.7,37
999,20,3,0.08,0.65,7
999,20,3,0.09,0.65,7
999,20,3,0.1,0.65,7
999,20,3,0.11,0.649999999675,7
999,20,3,0.11,0.65,8
999,20,3,0.12,0.649999999675,7
999,20,3,0.12,0.65,8
999,20,3,0.13,0.649999999675,7
999,20,3,0.13,0.65,8
999,20,3,0.14,0.649999999675,7
999,20,3,0.14,0.65,8
999,20,3,0.15,0.649999999675,7
999,20,3,0.15,0.65,8
999,20,3,0.16,0.649999999675,7
999,20,3,0.16,0.65,8
999,20,3,0.17,0.649999999675,7
999,20,3,0.17,0.65,8
999,20,3,0.18,0.649999999675,7
999,20,3,0.18,0.65,8
999,20,3,0.19,0.649999999675,7
999,20,3,0.19,0.65,8
999,20,3,0.2,0.649999999675,7
999,20,3,0.2,0.65,8
999,20,4,0.0,0.949999999525,6
999,20,4,0.01,0.949999999525,5
999,20,4,0.02,0.949999999525,5
999,20,4,0.03,0.949999999525,4
999,20,4,0.04,0.549999999725,38
999,20,4,0.05,0.749999999625,36
999,20,4,0.06,0.749999999625,35
999,20,4,0.07,0.749999999625,36
999,20,4,0.08,0.749999999625,36
999,20,4,0.09,0.749999999625,37
999,20,4,0.1,0.749999999625,38
999,40,0,0.0,0.72499999981875,8
999,40,0,0.01,0.72499999981875,8
999,40,0,0.02,0.72499999981875,7
999,40,0,0.03,0.72499999981875,7
999,40,0,0.04,0.72499999981875,8
999,40,0,0.05,0.6999999998249999,4
999,40,0,0.06,0.6999999998249999,3
999,40,0,0.07,0.6999999998249999,15
999,40,0,0.08,0.6999999998249999,15
999,40,0,0.09,0.6999999998249999,16
999,40,0,0.1,0.72499999981875,25
999,40,0,0.11,0.72499999981875,18
999,40,0,0.12,0.7999999998,37
999,40,0,0.13,0.8499999997875,39
999,40,0,0.14,0.87499999978125,30
999,40,0,0.15,0.899999999775,26
999,40,0,0.16,0.72499999981875,38
999,40,0,0.17,0.8499999997875,16
999,40,0,0.18,0.8499999997875,11
999,40,0,0.19,0.8499999997875,8
999,40,0,0.2,0.8499999997875,6
999,40,1,0.0,0.8249999997937499,13
999,40,1,0.01,0.77499999980625,10
999,40,1,0.02,0.7499999998125,11
999,40,1,0.03,0.72499999981875,13
999,40,1,0.04,0.6499999998375,13
999,40,1,0.05,0.5749999998562499,13
999,40,1,0.06,0.499999999875,3
999,40,1,0.07,0.52499999986875,3
999,40,1,0.08,0.62499999984375,1
999,40,1,0.09,0.5499999998625,5
999,40,1,0.1,0.62499999984375,1
999,40,1,0.11,0.59999999985,1
999,40,1,0.12,0.62499999984375,2
999,40,1,0.13,0.62499999984375,4
999,40,1,0.14,0.5749999998562499,2
999,40,1,0.15,0.59999999985,5
999,40,1,0.16,0.59999999985,5
999,40,1,0.17,0.59999999985,0
999,40,1,0.18,0.5749999998562499,0
999,40,1,0.19,0.59999999985,0
999,40,1,0.2,0.59999999985,0
999,40,2,0.0,0.8249999997937499,13
999,40,2,0.01,0.77499999980625,11
999,40,2,0.02,0.7499999998125,13
999,40,2,0.03,0.72499999981875,13
999,40,2,0.04,0.5749999998562499,11
999,40,2,0.05,0.52499999986875,1
999,40,2,0.06,0.52499999986875,2
999,40,2,0.07,0.5499999998625,2
999,40,2,0.08,0.59999999985,1
999,40,2,0.09,0.5499999998625,1
999,40,2,0.1,0.59999999985,1
999,40,2,0.11,0.62499999984375,1
999,40,2,0.12,0.62499999984375,2
999,40,2,0.13,0.59999999985,2
999,40,2,0.14,0.59999999985,4
999,40,2,0.15,0.59999999985,4
999,40,2,0.16,0.59999999985,5
999,40,2,0.17,0.59999999985,0
999,40,2,0.18,0.5749999998562499,0
999,40,2,0.19,0.59999999985,0
999,40,2,0.2,0.59999999985,0
999,40,3,0.0,0.72499999981875,36
999,40,3,0.01,0.6499999998375,39
999,40,3,0.02,0.62499999984375,6
999,40,3,0.03,0.5749999998562499,6
999,40,3,0.04,0.59999999985,6
999,40,3,0.05,0.59999999985,6
999,40,3,0.06,0.59999999985,6
999,40,3,0.07,0.5749999998562499,4
999,40,3,0.08,0.59999999985,5
999,40,3,0.09,0.59999999985,4
999,40,3,0.1,0.59999999985,4
999,40,3,0.11,0.59999999985,4
999,40,3,0.12,0.59999999985,4
999,40,3,0.13,0.59999999985,4
999,40,3,0.14,0.5749999998562499,4
999,40,3,0.15,0.5749999998562499,4
999,40,3,0.16,0.5749999998562499,5
999,40,3,0.17,0.5749999998562499,5
999,40,3,0.18,0.5749999998562499,5
999,40,3,0.19,0.5749999998562499,5
999,40,3,0.2,0.5749999998562499,5
999,40,4,0.01,0.97499999975625,4
999,40,4,0.02,0.97499999975625,4
999,40,4,0.03,0.97499999975625,4
999,40,4,0.04,0.9499999997625,2
999,40,4,0.05,0.9499999997625,2
999,40,4,0.06,0.9499999997625,4
999,40,4,0.07,0.9499999997625,5
999,40,4,0.08,0.9499999997625,5
999,40,4,0.09,0.92499999976875,6
999,40,4,0.1,0.899999999775,2
999,80,0,0.0,0.7749999999031251,11
999,80,0,0.01,0.7749999999031251,11
999,80,0,0.02,0.7749999999031251,17
999,80,0,0.03,0.7749999999031251,18
999,80,0,0.04,0.7749999999031251,18
999,80,0,0.05,0.7874999999015626,21
999,80,0,0.06,0.7874999999015626,22
999,80,0,0.07,0.7874999999015626,26
999,80,0,0.08,0.7874999999015626,34
999,80,0,0.09,0.7999999999,27
999,80,0,0.1,0.8124999998984376,22
999,80,0,0.11,0.8374999998953125,21
999,80,0,0.12,0.874999999890625,23
999,80,0,0.13,0.8874999998890626,18
999,80,0,0.14,0.9124999998859376,23
999,80,0,0.15,0.8374999998953125,35
999,80,0,0.16,0.8374999998953125,33
999,80,0,0.17,0.8374999998953125,6
999,80,0,0.18,0.8374999998953125,5
999,80,0,0.19,0.8374999998953125,4
999,80,0,0.2,0.874999999890625,4
999,80,1,0.0,0.8374999998953125,11
999,80,1,0.01,0.7999999999,9
999,80,1,0.02,0.7749999999031251,9
999,80,1,0.03,0.7624999999046875,11
999,80,1,0.04,0.724999999909375,11
999,80,1,0.05,0.6874999999140625,9
999,80,1,0.06,0.64999999991875,11
999,80,1,0.07,0.5999999999250001,1
999,80,1,0.08,0.5624999999296876,2
999,80,1,0.09,0.54999999993125,1
999,80,1,0.1,0.574999999928125,1
999,80,1,0.11,0.54999999993125,1
999,80,1,0.12,0.5249999999343751,1
999,80,1,0.13,0.5374999999328125,18
999,80,1,0.14,0.54999999993125,14
999,80,1,0.15,0.5124999999359375,11
999,80,1,0.16,0.5374999999328125,25
999,80,1,0.17,0.5374999999328125,25
999,80,1,0.18,0.5249999999343751,8
999,80,1,0.19,0.5249999999343751,11
999,80,1,0.2,0.5124999999359375,27
999,80,2,0.0,0.8374999998953125,11
999,80,2,0.01,0.7999999999,9
999,80,2,0.02,0.7874999999015626,11
999,80,2,0.03,0.7374999999078126,11
999,80,2,0.04,0.6874999999140625,6
999,80,2,0.05,0.6624999999171876,9
999,80,2,0.06,0.5999999999250001,1
999,80,2,0.07,0.5999999999250001,1
999,80,2,0.08,0.574999999928125,1
999,80,2,0.09,0.54999999993125,1
999,80,2,0.1,0.5874999999265625,1
999,80,2,0.11,0.574999999928125,1
999,80,2,0.12,0.5249999999343751,1
999,80,2,0.13,0.5374999999328125,16
999,80,2,0.14,0.5374999999328125,10
999,80,2,0.15,0.5249999999343751,11
999,80,2,0.16,0.5374999999328125,25
999,80,2,0.17,0.5374999999328125,29
999,80,2,0.18,0.5249999999343751,8
999,80,2,0.19,0.5249999999343751,11
999,80,2,0.2,0.5249999999343751,34
999,80,3,0.0,0.6999999999125001,39
999,80,3,0.01,0.6999999999125001,39
999,80,3,0.02,0.6874999999140625,39
999,80,3,0.03,0.6874999999140625,39
999,80,3,0.04,0.7999999999,39
999,80,3,0.05,0.7874999999015626,39
999,80,3,0.06,0.7874999999015626,39
999,80,3,0.07,0.7749999999031251,37
999,80,3,0.08,0.7749999999031251,39
999,80,3,0.09,0.7749999999031251,39
999,80,3,0.1,0.7749999999031251,39
999,80,3,0.11,0.7624999999046875,39
999,80,3,0.12,0.7624999999046875,39
999,80,3,0.13,0.7624999999046875,39
999,80,3,0.14,0.7499999999062501,39
999,80,3,0.15,0.7374999999078126,39
999,80,3,0.16,0.724999999909375,39
999,80,3,0.17,0.724999999909375,39
999,80,3,0.18,0.7124999999109376,35
999,80,3,0.19,0.7124999999109376,37
999,80,3,0.2,0.7124999999109376,39
999,80,4,0.01,0.8874999998890626,6
999,80,4,0.02,0.8874999998890626,6
999,80,4,0.03,0.8874999998890626,7
999,80,4,0.04,0.8874999998890626,12
999,80,4,0.05,0.8874999998890626,6
999,80,4,0.06,0.8874999998890626,6
999,80,4,0.07,0.8874999998890626,6
999,80,4,0.08,0.8874999998890626,6
999,80,4,0.09,0.8874999998890626,22
999,80,4,0.1,0.8874999998890626,12
999,160,0,0.0,0.768749999951953,14
999,160,0,0.0,0.768749999951953,14
999,160,0,0.01,0.7812499999511718,16
999,160,0,0.01,0.7812499999511718,16
999,160,0,0.02,0.7812499999511718,10
999,160,0,0.02,0.7812499999511718,10
999,160,0,0.03,0.7812499999511718,19
999,160,0,0.03,0.7812499999511718,19
999,160,0,0.04,0.7874999999507812,19
999,160,0,0.04,0.7874999999507812,19
999,160,0,0.05,0.7874999999507812,19
999,160,0,0.05,0.7874999999507812,19
999,160,0,0.06,0.7874999999507812,22
999,160,0,0.06,0.7874999999507812,22
999,160,0,0.07,0.7937499999503906,19
999,160,0,0.07,0.7937499999503906,19
999,160,0,0.08,0.8062499999496093,17
999,160,0,0.08,0.8062499999496093,17
999,160,0,0.09,0.8187499999488281,21
999,160,0,0.09,0.8187499999488281,21
999,160,0,0.1,0.8437499999472656,26
999,160,0,0.1,0.8437499999472656,26
999,160,0,0.11,0.8499999999468749,24
999,160,0,0.12,0.8624999999460937,24
999,160,0,0.13,0.8687499999457031,18
999,160,0,0.14,0.8187499999488281,37
999,160,0,0.15,0.8312499999480468,8
999,160,0,0.16,0.8312499999480468,6
999,160,0,0.17,0.8312499999480468,5
999,160,0,0.18,0.8437499999472656,4
999,160,0,0.19,0.8437499999472656,4
999,160,0,0.2,0.8187499999488281,4
999,160,1,0.0,0.8312499999480468,24
999,160,1,0.0,0.8312499999480468,24
999,160,1,0.01,0.8062499999496093,15
999,160,1,0.01,0.8062499999496093,15
999,160,1,0.02,0.7749999999515624,14
999,160,1,0.02,0.7749999999515624,14
999,160,1,0.03,0.7562499999527343,8
999,160,1,0.03,0.7562499999527343,8
999,160,1,0.04,0.7437499999535155,8
999,160,1,0.04,0.7437499999535155,8
999,160,1,0.05,0.7062499999558594,8
999,160,1,0.05,0.7062499999558594,8
999,160,1,0.06,0.6749999999578125,12
999,160,1,0.06,0.6749999999578125,12
999,160,1,0.07,0.6187499999613281,1
999,160,1,0.07,0.6187499999613281,1
999,160,1,0.08,0.6124999999617187,1
999,160,1,0.08,0.6124999999617187,1
999,160,1,0.09,0.6187499999613281,1
999,160,1,0.09,0.6187499999613281,1
999,160,1,0.1,0.5874999999632812,1
999,160,1,0.1,0.5874999999632812,1
999,160,1,0.11,0.5687499999644531,1
999,160,1,0.12,0.5624999999648437,18
999,160,1,0.13,0.5624999999648437,2
999,160,1,0.14,0.5437499999660156,2
999,160,1,0.15,0.5562499999652344,2
999,160,1,0.16,0.5562499999652344,2
999,160,1,0.17,0.5374999999664062,4
999,160,1,0.18,0.549999999965625,4
999,160,1,0.19,0.5562499999652344,4
999,160,1,0.2,0.549999999965625,4
999,160,2,0.0,0.8249999999484374,17
999,160,2,0.0,0.8249999999484374,17
999,160,2,0.11,0.5749999999640625,1
999,160,2,0.12,0.5624999999648437,3
999,160,2,0.13,0.5624999999648437,2
999,160,2,0.14,0.5437499999660156,2
999,160,2,0.15,0.5624999999648437,2
999,160,2,0.16,0.5562499999652344,2
999,160,2,0.17,0.5437499999660156,10
999,160,2,0.18,0.549999999965625,4
999,160,2,0.19,0.5562499999652344,4
999,160,2,0.2,0.549999999965625,4
999,160,3,0.11,0.8687499999457031,32
999,160,3,0.12,0.8624999999460937,31
999,160,3,0.13,0.8624999999460937,32
999,160,3,0.14,0.8624999999460937,32
999,160,3,0.15,0.8562499999464843,32
999,160,3,0.16,0.8499999999468749,32
999,160,3,0.17,0.8562499999464843,33
999,160,3,0.18,0.8624999999460937,33
999,160,3,0.19,0.8624999999460937,33
999,160,3,0.2,0.8687499999457031,33
999,160,4,0.01,0.8749999999453124,8
999,160,4,0.02,0.8812499999449218,8
999,160,4,0.03,0.8749999999453124,8
999,160,4,0.04,0.8749999999453124,8
999,160,4,0.05,0.8749999999453124,8
999,160,4,0.06,0.8687499999457031,7
999,160,4,0.07,0.8687499999457031,7
999,160,4,0.08,0.8749999999453124,6
999,160,4,0.09,0.8749999999453124,6
999,160,4,0.1,0.8749999999453124,6
1234,20,0,0.0,0.95,8
1234,20,0,0.01,0.95,8
1234,20,0,0.02,0.95,19
1234,20,0,0.03,0.9,17
1234,20,0,0.04,0.9,19
1234,20,0,0.05,0.9,20
1234,20,0,0.06,0.9,20
1234,20,0,0.07,0.9,21
1234,20,0,0.08,0.9,22
1234,20,0,0.11,0.5999999997,20
1234,20,0,0.11,0.6,21
1234,20,0,0.12,0.5999999997,21
1234,20,0,0.12,0.6,22
1234,20,0,0.13,0.5999999997,33
1234,20,0,0.13,0.6,34
1234,20,0,0.14,0.549999999725,17
1234,20,0,0.14,0.55,18
1234,20,0,0.15,0.549999999725,17
1234,20,0,0.15,0.55,18
1234,20,0,0.16,0.5999999997,35
1234,20,0,0.16,0.6,36
1234,20,0,0.17,0.6999999996499999,38
1234,20,0,0.17,0.7,39
1234,20,0,0.18,0.749999999625,36
1234,20,0,0.18,0.75,37
1234,20,0,0.19,0.949999999525,19
1234,20,0,0.19,0.95,20
1234,20,0,0.2,0.949999999525,12
1234,20,0,0.2,0.95,13
1234,20,1,0.0,0.95,9
1234,20,1,0.01,0.9,11
1234,20,1,0.02,0.85,10
1234,20,1,0.03,0.85,11
1234,20,1,0.04,0.75,11
1234,20,1,0.05,0.7,18
1234,20,1,0.06,0.7,18
1234,20,1,0.07,0.65,18
1234,20,1,0.08,0.55,36
1234,20,1,0.09,0.5,38
1234,20,1,0.1,0.45,1
1234,20,1,0.11,0.6999999996499999,37
1234,20,1,0.11,0.7,38
1234,20,1,0.12,0.649999999675,37
1234,20,1,0.12,0.65,38
1234,20,1,0.13,0.649999999675,37
1234,20,1,0.13,0.65,38
1234,20,1,0.14,0.649999999675,32
1234,20,1,0.14,0.65,33
1234,20,1,0.15,0.649999999675,32
1234,20,1,0.15,0.65,33
1234,20,1,0.16,0.5999999997,36
1234,20,1,0.16,0.6,37
1234,20,1,0.17,0.5999999997,38
1234,20,1,0.17,0.6,39
1234,20,1,0.18,0.5999999997,36
1234,20,1,0.18,0.6,37
1234,20,1,0.19,0.5999999997,37
1234,20,1,0.19,0.6,38
1234,20,1,0.2,0.5999999997,38
1234,20,1,0.2,0.6,39
1234,20,2,0.0,1.0,10
1234,20,2,0.01,0.9,9
1234,20,2,0.02,0.85,10
1234,20,2,0.03,0.85,11
1234,20,2,0.04,0.7,11
1234,20,2,0.05,0.7,18
1234,20,2,0.06,0.65,18
1234,20,2,0.07,0.6,18
1234,20,2,0.08,0.55,31
1234,20,2,0.09,0.5,37
1234,20,2,0.1,0.55,37
1234,20,2,0.11,0.5999999997,18
1234,20,2,0.11,0.6,19
1234,20,2,0.12,0.649999999675,18
1234,20,2,0.12,0.65,19
1234,20,2,0.13,0.649999999675,15
1234,20,2,0.13,0.65,16
1234,20,2,0.14,0.6999999996499999,26
1234,20,2,0.14,0.7,27
1234,20,2,0.15,0.7999999996,18
1234,20,2,0.15,0.8,19
1234,20,2,0.16,0.649999999675,13
1234,20,2,0.16,0.65,14
1234,20,2,0.17,0.49999999975,36
1234,20,2,0.17,0.5,37
1234,20,2,0.18,0.5999999997,36
1234,20,2,0.18,0.6,37
1234,20,2,0.19,0.5999999997,36
1234,20,2,0.19,0.6,37
1234,20,2,0.2,0.5999999997,19
1234,20,2,0.2,0.6,20
1234,20,3,0.0,0.55,31
1234,20,3,0.01,0.7,39
1234,20,3,0.02,0.75,39
1234,20,3,0.03,0.75,39
1234,20,3,0.04,0.75,39
1234,20,3,0.05,0.75,37
1234,20,3,0.06,0.75,39
1234,20,3,0.07,0.75,39
1234,20,3,0.08,0.7,39
1234,20,3,0.09,0.65,35
1234,20,3,0.1,0.65,37
1234,20,3,0.11,0.649999999675,39
1234,20,3,0.11,0.65,40
1234,20,3,0.12,0.649999999675,10
1234,20,3,0.12,0.65,11
1234,20,3,0.13,0.649999999675,10
1234,20,3,0.13,0.65,11
1234,20,3,0.14,0.5999999997,8
1234,20,3,0.14,0.6,9
1234,20,3,0.15,0.5999999997,8
1234,20,3,0.15,0.6,9
1234,20,3,0.16,0.5999999997,8
1234,20,3,0.16,0.6,9
1234,20,3,0.17,0.5999999997,8
1234,20,3,0.17,0.6,9
1234,20,3,0.18,0.5999999997,8
1234,20,3,0.18,0.6,9
1234,20,3,0.19,0.5999999997,8
1234,20,3,0.19,0.6,9
1234,20,3,0.2,0.5999999997,8
1234,20,3,0.2,0.6,9
1234,20,4,0.0,0.89999999955,17
1234,20,4,0.01,0.89999999955,11
1234,20,4,0.03,0.89999999955,6
1234,20,4,0.04,0.89999999955,32
1234,20,4,0.05,0.89999999955,33
1234,20,4,0.06,0.89999999955,33
1234,20,4,0.07,0.89999999955,35
1234,20,4,0.08,0.89999999955,36
1234,20,4,0.09,0.89999999955,37
1234,20,4,0.1,0.89999999955,38
1234,40,0,0.0,0.72499999981875,7
1234,40,0,0.01,0.72499999981875,6
1234,40,0,0.02,0.72499999981875,5
1234,40,0,0.03,0.72499999981875,5
1234,40,0,0.04,0.72499999981875,5
1234,40,0,0.05,0.72499999981875,9
1234,40,0,0.06,0.6999999998249999,9
1234,40,0,0.07,0.6999999998249999,19
1234,40,0,0.08,0.67499999983125,31
1234,40,0,0.09,0.67499999983125,35
1234,40,0,0.1,0.6499999998375,35
1234,40,0,0.11,0.59999999985,33
1234,40,0,0.12,0.5499999998625,19
1234,40,0,0.13,0.5499999998625,24
1234,40,0,0.14,0.52499999986875,17
1234,40,0,0.15,0.5749999998562499,38
1234,40,0,0.16,0.6499999998375,38
1234,40,0,0.17,0.6999999998249999,38
1234,40,0,0.18,0.5749999998562499,33
1234,40,0,0.19,0.7999999998,11
1234,40,0,0.2,0.8249999997937499,8
1234,40,1,0.0,0.8249999997937499,11
1234,40,1,0.01,0.7999999998,11
1234,40,1,0.02,0.7499999998125,10
1234,40,1,0.03,0.72499999981875,11
1234,40,1,0.04,0.67499999983125,11
1234,40,1,0.05,0.5749999998562499,11
1234,40,1,0.06,0.5499999998625,14
1234,40,1,0.07,0.4749999998812499,15
1234,40,1,0.08,0.72499999981875,30
1234,40,1,0.09,0.72499999981875,35
1234,40,1,0.1,0.6499999998375,25
1234,40,1,0.11,0.6499999998375,18
1234,40,1,0.12,0.62499999984375,18
1234,40,1,0.13,0.59999999985,20
1234,40,1,0.14,0.59999999985,31
1234,40,1,0.15,0.5749999998562499,8
1234,40,1,0.16,0.59999999985,4
1234,40,1,0.17,0.59999999985,10
1234,40,1,0.18,0.59999999985,12
1234,40,1,0.19,0.59999999985,14
1234,40,1,0.2,0.62499999984375,20
1234,40,2,0.0,0.8249999997937499,11
1234,40,2,0.01,0.77499999980625,9
1234,40,2,0.02,0.7499999998125,10
1234,40,2,0.03,0.7499999998125,11
1234,40,2,0.04,0.6499999998375,11
1234,40,2,0.05,0.5749999998562499,11
1234,40,2,0.06,0.4749999998812499,14
1234,40,2,0.07,0.77499999980625,19
1234,40,2,0.08,0.72499999981875,20
1234,40,2,0.09,0.72499999981875,36
1234,40,2,0.1,0.67499999983125,38
1234,40,2,0.11,0.62499999984375,15
1234,40,2,0.12,0.62499999984375,16
1234,40,2,0.13,0.62499999984375,19
1234,40,2,0.14,0.62499999984375,7
1234,40,2,0.15,0.59999999985,1
1234,40,2,0.16,0.62499999984375,5
1234,40,2,0.17,0.59999999985,8
1234,40,2,0.18,0.59999999985,12
1234,40,2,0.19,0.59999999985,1
1234,40,2,0.2,0.62499999984375,10
1234,40,3,0.0,0.7499999998125,29
1234,40,3,0.01,0.7499999998125,19
1234,40,3,0.02,0.7499999998125,17
1234,40,3,0.03,0.7499999998125,16
1234,40,3,0.04,0.7999999998,37
1234,40,3,0.05,0.7999999998,34
1234,40,3,0.06,0.7999999998,37
1234,40,3,0.07,0.7999999998,15
1234,40,3,0.08,0.6499999998375,10
1234,40,3,0.09,0.62499999984375,10
1234,40,3,0.1,0.62499999984375,9
1234,40,3,0.11,0.62499999984375,8
1234,40,3,0.12,0.59999999985,6
1234,40,3,0.13,0.59999999985,8
1234,40,3,0.14,0.62499999984375,7
1234,40,3,0.15,0.62499999984375,7
1234,40,3,0.16,0.59999999985,7
1234,40,3,0.17,0.59999999985,7
1234,40,3,0.18,0.5749999998562499,5
1234,40,3,0.19,0.5749999998562499,6
1234,40,3,0.2,0.59999999985,6
1234,40,4,0.01,0.92499999976875,10
1234,40,4,0.02,0.92499999976875,9
1234,40,4,0.03,0.92499999976875,7
1234,40,4,0.04,0.92499999976875,7
1234,40,4,0.05,0.92499999976875,6
1234,40,4,0.06,0.92499999976875,6
1234,40,4,0.07,0.899999999775,6
1234,40,4,0.08,0.899999999775,6
1234,40,4,0.09,0.899999999775,6
1234,40,4,0.1,0.899999999775,6
1234,80,0,0.0,0.7999999999,17
1234,80,0,0.01,0.7874999999015626,14
1234,80,0,0.02,0.7749999999031251,13
1234,80,0,0.03,0.7749999999031251,21
1234,80,0,0.04,0.7874999999015626,26
1234,80,0,0.05,0.7874999999015626,21
1234,80,0,0.06,0.7874999999015626,23
1234,80,0,0.07,0.7874999999015626,26
1234,80,0,0.08,0.7874999999015626,19
1234,80,0,0.09,0.7999999999,26
1234,80,0,0.1,0.8124999998984376,6
1234,80,0,0.11,0.8374999998953125,6
1234,80,0,0.12,0.874999999890625,33
1234,80,0,0.13,0.874999999890625,38
1234,80,0,0.14,0.8249999998968751,4
1234,80,0,0.15,0.8624999998921876,4
1234,80,0,0.16,0.8624999998921876,6
1234,80,0,0.17,0.8499999998937501,3
1234,80,0,0.18,0.8624999998921876,5
1234,80,0,0.19,0.874999999890625,4
1234,80,0,0.2,0.8624999998921876,4
1234,80,1,0.0,0.8249999998968751,15
1234,80,1,0.01,0.7999999999,8
1234,80,1,0.02,0.7749999999031251,9
1234,80,1,0.03,0.7499999999062501,8
1234,80,1,0.04,0.7124999999109376,7
1234,80,1,0.05,0.6874999999140625,15
1234,80,1,0.06,0.6624999999171876,13
1234,80,1,0.07,0.624999999921875,1
1234,80,1,0.08,0.5374999999328125,1
1234,80,1,0.09,0.54999999993125,1
1234,80,1,0.1,0.5249999999343751,8
1234,80,1,0.11,0.5249999999343751,16
1234,80,1,0.12,0.5374999999328125,11
1234,80,1,0.13,0.5249999999343751,20
1234,80,1,0.14,0.5124999999359375,10
1234,80,1,0.15,0.54999999993125,35
1234,80,1,0.16,0.5249999999343751,5
1234,80,1,0.17,0.5249999999343751,6
1234,80,1,0.18,0.5249999999343751,6
1234,80,1,0.19,0.5124999999359375,6
1234,80,1,0.2,0.5249999999343751,11
1234,80,2,0.0,0.8249999998968751,15
1234,80,2,0.01,0.7999999999,12
1234,80,2,0.02,0.7624999999046875,9
1234,80,2,0.03,0.7374999999078126,15
1234,80,2,0.04,0.6999999999125001,8
1234,80,2,0.05,0.6749999999156251,9
1234,80,2,0.06,0.6374999999203126,26
1234,80,2,0.07,0.5999999999250001,1
1234,80,2,0.08,0.54999999993125,1
1234,80,2,0.09,0.54999999993125,1
1234,80,2,0.1,0.5249999999343751,10
1234,80,2,0.11,0.5374999999328125,39
1234,80,2,0.12,0.5374999999328125,11
1234,80,2,0.13,0.5249999999343751,21
1234,80,2,0.14,0.5124999999359375,11
1234,80,2,0.15,0.54999999993125,35
1234,80,2,0.16,0.5249999999343751,5
1234,80,2,0.17,0.5249999999343751,6
1234,80,2,0.18,0.5249999999343751,6
1234,80,2,0.19,0.5124999999359375,6
1234,80,2,0.2,0.5249999999343751,11
1234,80,3,0.0,0.9124999998859376,33
1234,80,3,0.01,0.8999999998875001,30
1234,80,3,0.02,0.8874999998890626,32
1234,80,3,0.03,0.8874999998890626,34
1234,80,3,0.04,0.874999999890625,30
1234,80,3,0.05,0.8874999998890626,37
1234,80,3,0.06,0.8624999998921876,38
1234,80,3,0.07,0.8499999998937501,39
1234,80,3,0.08,0.8249999998968751,38
1234,80,3,0.09,0.8124999998984376,38
1234,80,3,0.1,0.7874999999015626,32
1234,80,3,0.11,0.7874999999015626,34
1234,80,3,0.12,0.7874999999015626,37
1234,80,3,0.13,0.7749999999031251,34
1234,80,3,0.14,0.7749999999031251,37
1234,80,3,0.15,0.7749999999031251,39
1234,80,3,0.16,0.7624999999046875,38
1234,80,3,0.17,0.7499999999062501,38
1234,80,3,0.18,0.7374999999078126,38
1234,80,3,0.19,0.724999999909375,38
1234,80,3,0.2,0.7124999999109376,34
1234,80,4,0.01,0.8874999998890626,17
1234,80,4,0.02,0.8874999998890626,15
1234,80,4,0.03,0.874999999890625,15
1234,80,4,0.04,0.8874999998890626,13
1234,80,4,0.05,0.8874999998890626,17
1234,80,4,0.06,0.8874999998890626,17
1234,80,4,0.07,0.8874999998890626,15
1234,80,4,0.08,0.8874999998890626,9
1234,80,4,0.09,0.8874999998890626,33
1234,80,4,0.1,0.8874999998890626,19
1234,160,0,0.0,0.7999999999499999,11
1234,160,0,0.0,0.7999999999499999,11
1234,160,0,0.01,0.7999999999499999,9
1234,160,0,0.01,0.7999999999499999,9
1234,160,0,0.02,0.7937499999503906,11
1234,160,0,0.02,0.7937499999503906,11
1234,160,0,0.03,0.7874999999507812,26
1234,160,0,0.03,0.7874999999507812,26
1234,160,0,0.04,0.7937499999503906,7
1234,160,0,0.04,0.7937499999503906,7
1234,160,0,0.05,0.8062499999496093,6
1234,160,0,0.05,0.8062499999496093,6
1234,160,0,0.06,0.7999999999499999,7
1234,160,0,0.06,0.7999999999499999,7
1234,160,0,0.07,0.7999999999499999,6
1234,160,0,0.07,0.7999999999499999,6
1234,160,0,0.08,0.8124999999492187,24
1234,160,0,0.08,0.8124999999492187,24
1234,160,0,0.09,0.8249999999484374,28
1234,160,0,0.09,0.8249999999484374,28
1234,160,0,0.1,0.8437499999472656,27
1234,160,0,0.1,0.8437499999472656,27
1234,160,0,0.11,0.8499999999468749,19
1234,160,0,0.12,0.8749999999453124,32
1234,160,0,0.13,0.8749999999453124,33
1234,160,0,0.14,0.8249999999484374,5
1234,160,0,0.15,0.8499999999468749,6
1234,160,0,0.16,0.8437499999472656,5
1234,160,0,0.17,0.8437499999472656,4
1234,160,0,0.18,0.8562499999464843,4
1234,160,0,0.19,0.8312499999480468,4
1234,160,0,0.2,0.8437499999472656,3
1234,160,1,0.0,0.8249999999484374,29
1234,160,1,0.0,0.8249999999484374,29
1234,160,1,0.01,0.7999999999499999,16
1234,160,1,0.01,0.7999999999499999,16
1234,160,1,0.02,0.7749999999515624,16
1234,160,1,0.02,0.7749999999515624,16
1234,160,1,0.03,0.7624999999523437,7
1234,160,1,0.03,0.7624999999523437,7
1234,160,1,0.04,0.7374999999539062,11
1234,160,1,0.04,0.7374999999539062,11
1234,160,1,0.05,0.7124999999554688,10
1234,160,1,0.05,0.7124999999554688,10
1234,160,1,0.06,0.6812499999574219,11
1234,160,1,0.06,0.6812499999574219,11
1234,160,1,0.07,0.6249999999609375,1
1234,160,1,0.07,0.6249999999609375,1
1234,160,1,0.08,0.6187499999613281,1
1234,160,1,0.08,0.6187499999613281,1
1234,160,1,0.09,0.5999999999625,1
1234,160,1,0.09,0.5999999999625,1
1234,160,1,0.1,0.5562499999652344,1
1234,160,1,0.1,0.5562499999652344,1
1234,160,1,0.11,0.5687499999644531,15
1234,160,1,0.12,0.5749999999640625,11
1234,160,1,0.13,0.549999999965625,2
1234,160,1,0.14,0.549999999965625,2
1234,160,1,0.15,0.549999999965625,3
1234,160,1,0.16,0.5374999999664062,3
1234,160,1,0.17,0.5437499999660156,2
1234,160,1,0.18,0.5374999999664062,3
1234,160,1,0.19,0.5312499999667969,5
1234,160,1,0.2,0.5374999999664062,6
1234,160,2,0.0,0.8249999999484374,11
1234,160,2,0.0,0.8249999999484374,11
1234,160,2,0.11,0.5687499999644531,15
1234,160,2,0.12,0.5749999999640625,12
1234,160,2,0.13,0.5562499999652344,2
1234,160,2,0.14,0.549999999965625,2
1234,160,2,0.15,0.549999999965625,3
1234,160,2,0.16,0.5374999999664062,2
1234,160,2,0.17,0.5437499999660156,3
1234,160,2,0.18,0.5437499999660156,3
1234,160,2,0.19,0.5312499999667969,5
1234,160,2,0.2,0.5374999999664062,6
1234,160,3,0.11,0.8562499999464843,27
1234,160,3,0.12,0.8687499999457031,27
1234,160,3,0.13,0.8562499999464843,28
1234,160,3,0.14,0.8624999999460937,28
1234,160,3,0.15,0.8624999999460937,28
1234,160,3,0.16,0.8562499999464843,29
1234,160,3,0.17,0.8562499999464843,29
1234,160,3,0.18,0.8562499999464843,29
1234,160,3,0.19,0.8437499999472656,29
1234,160,3,0.2,0.8499999999468749,30
1234,160,4,0.01,0.8749999999453124,10
1234,160,4,0.02,0.8749999999453124,14
1234,160,4,0.03,0.8749999999453124,8
1234,160,4,0.04,0.8687499999457031,9
1234,160,4,0.05,0.8749999999453124,7
1234,160,4,0.06,0.8812499999449218,7
1234,160,4,0.07,0.8749999999453124,5
1234,160,4,0.08,0.8812499999449218,5
1234,160,4,0.09,0.8687499999457031,5
1234,160,4,0.1,0.8624999999460937,4
5678,20,0,0.0,0.9,21
5678,20,0,0.01,0.9,19
5678,20,0,0.02,0.9,18
5678,20,0,0.03,0.9,17
5678,20,0,0.04,0.9,18
5678,20,0,0.05,0.9,18
5678,20,0,0.06,0.9,19
5678,20,0,0.07,0.9,19
5678,20,0,0.08,0.9,20
5678,20,0,0.09,0.9,23
5678,20,0,0.1,0.65,24
5678,20,0,0.11,0.5999999997,21
5678,20,0,0.11,0.6,22
5678,20,0,0.12,0.549999999725,18
5678,20,0,0.12,0.55,19
5678,20,0,0.13,0.549999999725,17
5678,20,0,0.13,0.55,18
5678,20,0,0.14,0.5999999997,36
5678,20,0,0.14,0.6,37
5678,20,0,0.15,0.649999999675,38
5678,20,0,0.15,0.65,39
5678,20,0,0.16,0.749999999625,36
5678,20,0,0.16,0.75,37
5678,20,0,0.17,0.8499999995749999,38
5678,20,0,0.17,0.85,39
5678,20,0,0.18,0.89999999955,39
5678,20,0,0.18,0.9,40
5678,20,0,0.19,0.89999999955,32
5678,20,0,0.19,0.9,33
5678,20,0,0.2,0.89999999955,34
5678,20,0,0.2,0.9,35
5678,20,1,0.0,0.95,15
5678,20,1,0.01,0.9,15
5678,20,1,0.02,0.85,13
5678,20,1,0.03,0.8,13
5678,20,1,0.04,0.8,16
5678,20,1,0.05,0.75,22
5678,20,1,0.06,0.7,22
5678,20,1,0.07,0.65,33
5678,20,1,0.08,0.45,1
5678,20,1,0.09,0.45,1
5678,20,1,0.1,0.5,1
5678,20,1,0.11,0.5999999997,5
5678,20,1,0.11,0.6,6
5678,20,1,0.12,0.5999999997,5
5678,20,1,0.12,0.6,6
5678,20,1,0.13,0.5999999997,5
5678,20,1,0.13,0.6,6
5678,20,1,0.14,0.549999999725,8
5678,20,1,0.14,0.55,9
5678,20,1,0.15,0.649999999675,32
5678,20,1,0.15,0.65,33
5678,20,1,0.16,0.5999999997,9
5678,20,1,0.16,0.6,10
5678,20,1,0.17,0.649999999675,9
5678,20,1,0.17,0.65,10
5678,20,1,0.18,0.5999999997,30
5678,20,1,0.18,0.6,31
5678,20,1,0.19,0.649999999675,14
5678,20,1,0.19,0.65,15
5678,20,1,0.2,0.649999999675,13
5678,20,1,0.2,0.65,14
5678,20,2,0.0,0.95,15
5678,20,2,0.01,0.95,33
5678,20,2,0.02,0.9,34
5678,20,2,0.03,0.85,14
5678,20,2,0.04,0.8,15
5678,20,2,0.05,0.75,18
5678,20,2,0.06,0.75,22
5678,20,2,0.07,0.7,31
5678,20,2,0.08,0.65,26
5678,20,2,0.09,0.5,10
5678,20,2,0.1,0.5,2
5678,20,2,0.11,0.549999999725,2
5678,20,2,0.11,0.55,3
5678,20,2,0.12,0.5999999997,39
5678,20,2,0.12,0.6,40
5678,20,2,0.13,0.5999999997,39
5678,20,2,0.13,0.6,40
5678,20,2,0.14,0.649999999675,5
5678,20,2,0.14,0.65,6
5678,20,2,0.15,0.5999999997,19
5678,20,2,0.15,0.6,20
5678,20,2,0.16,0.3999999998,9
5678,20,2,0.16,0.4,10
5678,20,2,0.17,0.549999999725,30
5678,20,2,0.17,0.55,31
5678,20,2,0.18,0.649999999675,32
5678,20,2,0.18,0.65,33
5678,20,2,0.19,0.5999999997,7
5678,20,2,0.19,0.6,8
5678,20,2,0.2,0.649999999675,33
5678,20,2,0.2,0.65,34
5678,20,3,0.0,0.8,38
5678,20,3,0.01,0.85,38
5678,20,3,0.02,0.8,38
5678,20,3,0.03,0.75,36
5678,20,3,0.04,0.75,36
5678,20,3,0.05,0.75,38
5678,20,3,0.06,0.75,38
5678,20,3,0.07,0.7,36
5678,20,3,0.08,0.7,38
5678,20,3,0.09,0.65,10
5678,20,3,0.1,0.65,8
5678,20,3,0.11,0.649999999675,8
5678,20,3,0.11,0.65,9
5678,20,3,0.12,0.649999999675,8
5678,20,3,0.12,0.65,9
5678,20,3,0.13,0.5999999997,7
5678,20,3,0.13,0.6,8
5678,20,3,0.14,0.5999999997,7
5678,20,3,0.14,0.6,8
5678,20,3,0.15,0.5999999997,7
5678,20,3,0.15,0.6,8
5678,20,3,0.16,0.649999999675,7
5678,20,3,0.16,0.65,8
5678,20,3,0.17,0.649999999675,7
5678,20,3,0.17,0.65,8
5678,20,3,0.18,0.649999999675,7
5678,20,3,0.18,0.65,8
5678,20,3,0.19,0.649999999675,7
5678,20,3,0.19,0.65,8
5678,20,3,0.2,0.649999999675,7
5678,20,3,0.2,0.65,8
5678,20,4,0.0,0.89999999955,7
5678,20,4,0.01,0.89999999955,6
5678,20,4,0.02,0.949999999525,6
5678,20,4,0.03,0.949999999525,5
5678,20,4,0.04,0.949999999525,21
5678,20,4,0.05,0.949999999525,21
5678,20,4,0.06,0.949999999525,21
5678,20,4,0.07,0.949999999525,21
5678,20,4,0.08,0.949999999525,21
5678,20,4,0.09,0.949999999525,21
5678,20,4,0.1,0.949999999525,21
5678,40,0,0.0,0.6999999998249999,19
5678,40,0,0.01,0.6999999998249999,19
5678,40,0,0.02,0.67499999983125,9
5678,40,0,0.03,0.67499999983125,14
5678,40,0,0.04,0.67499999983125,14
5678,40,0,0.05,0.67499999983125,14
5678,40,0,0.06,0.67499999983125,15
5678,40,0,0.07,0.6999999998249999,15
5678,40,0,0.08,0.6999999998249999,16
5678,40,0,0.09,0.6999999998249999,18
5678,40,0,0.1,0.5749999998562499,18
5678,40,0,0.11,0.5749999998562499,19
5678,40,0,0.12,0.5749999998562499,19
5678,40,0,0.13,0.5749999998562499,19
5678,40,0,0.14,0.5749999998562499,19
5678,40,0,0.15,0.6499999998375,31
5678,40,0,0.16,0.72499999981875,31
5678,40,0,0.17,0.7999999998,35
5678,40,0,0.18,0.8249999997937499,26
5678,40,0,0.19,0.8499999997875,24
5678,40,0,0.2,0.87499999978125,22
5678,40,1,0.0,0.8499999997875,21
5678,40,1,0.01,0.8249999997937499,15
5678,40,1,0.02,0.77499999980625,21
5678,40,1,0.03,0.7499999998125,11
5678,40,1,0.04,0.72499999981875,39
5678,40,1,0.05,0.6999999998249999,20
5678,40,1,0.06,0.67499999983125,36
5678,40,1,0.07,0.62499999984375,29
5678,40,1,0.08,0.52499999986875,1
5678,40,1,0.09,0.5499999998625,13
5678,40,1,0.1,0.499999999875,8
5678,40,1,0.11,0.5499999998625,5
5678,40,1,0.12,0.5499999998625,4
5678,40,1,0.13,0.5499999998625,3
5678,40,1,0.14,0.5749999998562499,3
5678,40,1,0.15,0.59999999985,4
5678,40,1,0.16,0.62499999984375,5
5678,40,1,0.17,0.62499999984375,5
5678,40,1,0.18,0.62499999984375,5
5678,40,1,0.19,0.62499999984375,10
5678,40,1,0.2,0.62499999984375,10
5678,40,2,0.0,0.8499999997875,19
5678,40,2,0.01,0.8249999997937499,13
5678,40,2,0.02,0.7999999998,21
5678,40,2,0.03,0.7999999998,39
5678,40,2,0.04,0.77499999980625,37
5678,40,2,0.05,0.7499999998125,37
5678,40,2,0.06,0.6999999998249999,23
5678,40,2,0.07,0.6499999998375,30
5678,40,2,0.08,0.59999999985,17
5678,40,2,0.09,0.59999999985,23
5678,40,2,0.1,0.52499999986875,17
5678,40,2,0.11,0.52499999986875,6
5678,40,2,0.12,0.52499999986875,4
5678,40,2,0.13,0.5499999998625,3
5678,40,2,0.14,0.59999999985,4
5678,40,2,0.15,0.59999999985,4
5678,40,2,0.16,0.59999999985,4
5678,40,2,0.17,0.62499999984375,5
5678,40,2,0.18,0.62499999984375,5
5678,40,2,0.19,0.62499999984375,5
5678,40,2,0.2,0.62499999984375,9
5678,40,3,0.0,0.67499999983125,8
5678,40,3,0.01,0.62499999984375,6
5678,40,3,0.02,0.62499999984375,6
5678,40,3,0.03,0.59999999985,5
5678,40,3,0.04,0.62499999984375,5
5678,40,3,0.05,0.62499999984375,5
5678,40,3,0.06,0.59999999985,5
5678,40,3,0.07,0.59999999985,5
5678,40,3,0.08,0.5749999998562499,5
5678,40,3,0.09,0.5749999998562499,4
5678,40,3,0.1,0.5749999998562499,4
5678,40,3,0.11,0.5749999998562499,4
5678,40,3,0.12,0.5749999998562499,4
5678,40,3,0.13,0.5749999998562499,4
5678,40,3,0.14,0.5749999998562499,4
5678,40,3,0.15,0.59999999985,4
5678,40,3,0.16,0.62499999984375,4
5678,40,3,0.17,0.62499999984375,4
5678,40,3,0.18,0.62499999984375,4
5678,40,3,0.19,0.62499999984375,4
5678,40,3,0.2,0.62499999984375,4
5678,40,4,0.01,0.9499999997625,6
5678,40,4,0.02,0.92499999976875,6
5678,40,4,0.03,0.92499999976875,6
5678,40,4,0.04,0.92499999976875,21
5678,40,4,0.05,0.92499999976875,7
5678,40,4,0.06,0.92499999976875,7
5678,40,4,0.07,0.92499999976875,6
5678,40,4,0.08,0.92499999976875,7
5678,40,4,0.09,0.899999999775,5
5678,40,4,0.1,0.899999999775,5
5678,80,0,0.0,0.7749999999031251,13
5678,80,0,0.01,0.7749999999031251,19
5678,80,0,0.02,0.7749999999031251,18
5678,80,0,0.03,0.7749999999031251,18
5678,80,0,0.04,0.7874999999015626,22
5678,80,0,0.05,0.7874999999015626,22
5678,80,0,0.06,0.7874999999015626,22
5678,80,0,0.07,0.7874999999015626,28
5678,80,0,0.08,0.7874999999015626,31
5678,80,0,0.09,0.7999999999,28
5678,80,0,0.1,0.7999999999,22
5678,80,0,0.11,0.8499999998937501,23
5678,80,0,0.12,0.874999999890625,33
5678,80,0,0.13,0.8124999998984376,4
5678,80,0,0.14,0.8374999998953125,38
5678,80,0,0.15,0.8374999998953125,35
5678,80,0,0.16,0.8374999998953125,32
5678,80,0,0.17,0.8374999998953125,31
5678,80,0,0.18,0.8374999998953125,3
5678,80,0,0.19,0.8499999998937501,4
5678,80,0,0.2,0.874999999890625,4
5678,80,1,0.0,0.8374999998953125,23
5678,80,1,0.01,0.8249999998968751,23
5678,80,1,0.02,0.7874999999015626,11
5678,80,1,0.03,0.7749999999031251,15
5678,80,1,0.04,0.7499999999062501,39
5678,80,1,0.05,0.724999999909375,39
5678,80,1,0.06,0.7124999999109376,33
5678,80,1,0.07,0.54999999993125,1
5678,80,1,0.08,0.5374999999328125,1
5678,80,1,0.09,0.5249999999343751,11
5678,80,1,0.1,0.5249999999343751,9
5678,80,1,0.11,0.5249999999343751,27
5678,80,1,0.12,0.5249999999343751,13
5678,80,1,0.13,0.5249999999343751,16
5678,80,1,0.14,0.5124999999359375,18
5678,80,1,0.15,0.54999999993125,28
5678,80,1,0.16,0.5374999999328125,23
5678,80,1,0.17,0.5249999999343751,23
5678,80,1,0.18,0.5124999999359375,11
5678,80,1,0.19,0.5124999999359375,29
5678,80,1,0.2,0.5124999999359375,27
5678,80,2,0.0,0.8249999998968751,16
5678,80,2,0.01,0.8124999998984376,22
5678,80,2,0.02,0.7874999999015626,39
5678,80,2,0.03,0.7624999999046875,33
5678,80,2,0.04,0.7749999999031251,39
5678,80,2,0.05,0.724999999909375,11
5678,80,2,0.06,0.7124999999109376,26
5678,80,2,0.07,0.5624999999296876,1
5678,80,2,0.08,0.5374999999328125,1
5678,80,2,0.09,0.5249999999343751,8
5678,80,2,0.1,0.5249999999343751,8
5678,80,2,0.11,0.5249999999343751,32
5678,80,2,0.12,0.54999999993125,11
5678,80,2,0.13,0.5249999999343751,16
5678,80,2,0.14,0.5124999999359375,12
5678,80,2,0.15,0.5374999999328125,18
5678,80,2,0.16,0.5374999999328125,23
5678,80,2,0.17,0.5249999999343751,23
5678,80,2,0.18,0.5124999999359375,11
5678,80,2,0.19,0.5124999999359375,29
5678,80,2,0.2,0.5124999999359375,26
5678,80,3,0.0,0.6999999999125001,38
5678,80,3,0.01,0.6874999999140625,38
5678,80,3,0.02,0.6749999999156251,4
5678,80,3,0.03,0.6749999999156251,4
5678,80,3,0.04,0.6624999999171876,4
5678,80,3,0.05,0.6624999999171876,4
5678,80,3,0.06,0.6624999999171876,4
5678,80,3,0.07,0.7874999999015626,38
5678,80,3,0.08,0.7874999999015626,38
5678,80,3,0.09,0.7874999999015626,38
5678,80,3,0.1,0.7749999999031251,38
5678,80,3,0.11,0.7624999999046875,35
5678,80,3,0.12,0.7624999999046875,38
5678,80,3,0.13,0.7624999999046875,38
5678,80,3,0.14,0.7374999999078126,38
5678,80,3,0.15,0.7374999999078126,38
5678,80,3,0.16,0.724999999909375,36
5678,80,3,0.17,0.724999999909375,39
5678,80,3,0.18,0.724999999909375,39
5678,80,3,0.19,0.7124999999109376,36
5678,80,3,0.2,0.724999999909375,38
5678,80,4,0.01,0.9249999998843752,4
5678,80,4,0.02,0.9249999998843752,4
5678,80,4,0.03,0.9249999998843752,4
5678,80,4,0.04,0.9374999998828126,4
5678,80,4,0.05,0.9374999998828126,4
5678,80,4,0.06,0.9249999998843752,4
5678,80,4,0.07,0.9124999998859376,6
5678,80,4,0.08,0.9249999998843752,6
5678,80,4,0.09,0.9249999998843752,6
5678,80,4,0.1,0.9249999998843752,3
5678,160,0,0.0,0.768749999951953,16
5678,160,0,0.0,0.768749999951953,16
5678,160,0,0.01,0.7812499999511718,17
5678,160,0,0.01,0.7812499999511718,17
5678,160,0,0.02,0.7749999999515624,17
5678,160,0,0.02,0.7749999999515624,17
5678,160,0,0.03,0.7812499999511718,19
5678,160,0,0.03,0.7812499999511718,19
5678,160,0,0.04,0.7937499999503906,21
5678,160,0,0.04,0.7937499999503906,21
5678,160,0,0.05,0.7874999999507812,18
5678,160,0,0.05,0.7874999999507812,18
5678,160,0,0.06,0.7874999999507812,20
5678,160,0,0.06,0.7874999999507812,20
5678,160,0,0.07,0.7937499999503906,19
5678,160,0,0.07,0.7937499999503906,19
5678,160,0,0.08,0.7937499999503906,19
5678,160,0,0.08,0.7937499999503906,19
5678,160,0,0.09,0.8124999999492187,23
5678,160,0,0.09,0.8124999999492187,23
5678,160,0,0.1,0.8374999999476562,39
5678,160,0,0.1,0.8374999999476562,39
5678,160,0,0.11,0.8562499999464843,27
5678,160,0,0.12,0.8624999999460937,22
5678,160,0,0.13,0.8874999999445312,31
5678,160,0,0.14,0.8187499999488281,34
5678,160,0,0.15,0.8374999999476562,6
5678,160,0,0.16,0.8312499999480468,5
5678,160,0,0.17,0.8437499999472656,4
5678,160,0,0.18,0.8312499999480468,4
5678,160,0,0.19,0.8187499999488281,4
5678,160,0,0.2,0.8312499999480468,4
5678,160,1,0.0,0.8374999999476562,35
5678,160,1,0.0,0.8374999999476562,35
5678,160,1,0.01,0.8124999999492187,18
5678,160,1,0.01,0.8124999999492187,18
5678,160,1,0.02,0.7812499999511718,18
5678,160,1,0.02,0.7812499999511718,18
5678,160,1,0.03,0.7874999999507812,37
5678,160,1,0.03,0.7874999999507812,37
5678,160,1,0.04,0.7624999999523437,26
5678,160,1,0.04,0.7624999999523437,26
5678,160,1,0.05,0.7374999999539062,17
5678,160,1,0.05,0.7374999999539062,17
5678,160,1,0.06,0.7124999999554688,18
5678,160,1,0.06,0.7124999999554688,18
5678,160,1,0.07,0.6062499999621094,1
5678,160,1,0.07,0.6062499999621094,1
5678,160,1,0.08,0.5999999999625,1
5678,160,1,0.08,0.5999999999625,1
5678,160,1,0.09,0.5749999999640625,23
5678,160,1,0.09,0.5749999999640625,23
5678,160,1,0.1,0.5749999999640625,5
5678,160,1,0.1,0.5749999999640625,5
5678,160,1,0.11,0.5749999999640625,5
5678,160,1,0.12,0.5749999999640625,13
5678,160,1,0.13,0.5562499999652344,7
5678,160,1,0.14,0.549999999965625,4
5678,160,1,0.15,0.549999999965625,5
5678,160,1,0.16,0.5437499999660156,6
5678,160,1,0.17,0.5374999999664062,5
5678,160,1,0.18,0.5249999999671875,6
5678,160,1,0.19,0.5124999999679687,6
5678,160,1,0.2,0.549999999965625,12
5678,160,2,0.0,0.8374999999476562,35
5678,160,2,0.0,0.8374999999476562,35
5678,160,2,0.11,0.6062499999621094,15
5678,160,2,0.12,0.5749999999640625,2
5678,160,2,0.13,0.549999999965625,5
5678,160,2,0.14,0.549999999965625,6
5678,160,2,0.15,0.5437499999660156,8
5678,160,2,0.16,0.5437499999660156,6
5678,160,2,0.17,0.5374999999664062,5
5678,160,2,0.18,0.5187499999675781,1
5678,160,2,0.19,0.5187499999675781,2
5678,160,2,0.2,0.5562499999652344,17
5678,160,3,0.11,0.8687499999457031,26
5678,160,3,0.12,0.8562499999464843,25
5678,160,3,0.13,0.8624999999460937,27
5678,160,3,0.14,0.8562499999464843,27
5678,160,3,0.15,0.8562499999464843,28
5678,160,3,0.16,0.8624999999460937,28
5678,160,3,0.17,0.8687499999457031,28
5678,160,3,0.18,0.8624999999460937,29
5678,160,3,0.19,0.8624999999460937,29
5678,160,3,0.2,0.8624999999460937,29
5678,160,4,0.01,0.8749999999453124,36
5678,160,4,0.02,0.8749999999453124,36
5678,160,4,0.03,0.8749999999453124,36
5678,160,4,0.04,0.9124999999429688,3
5678,160,4,0.05,0.918749999942578,3
5678,160,4,0.06,0.9124999999429688,3
5678,160,4,0.07,0.8999999999437499,3
5678,160,4,0.08,0.8937499999441406,3
5678,160,4,0.09,0.8937499999441406,3
5678,160,4,0.1,0.8874999999445312,3
